date,value,index
1950-01-01,-1.53,ONI
1950-02-01,-1.34,ONI
1950-03-01,-1.16,ONI
1950-04-01,-1.18,ONI
1950-05-01,-1.07,ONI
1950-06-01,-0.85,ONI
1950-07-01,-0.54,ONI
1950-08-01,-0.42,ONI
1950-09-01,-0.39,ONI
1950-10-01,-0.44,ONI
1950-11-01,-0.6,ONI
1950-12-01,-0.8,ONI
1951-01-01,-0.82,ONI
1951-02-01,-0.54,ONI
1951-03-01,-0.17,ONI
1951-04-01,0.18,ONI
1951-05-01,0.36,ONI
1951-06-01,0.58,ONI
1951-07-01,0.7,ONI
1951-08-01,0.89,ONI
1951-09-01,0.99,ONI
1951-10-01,1.15,ONI
1951-11-01,1.04,ONI
1951-12-01,0.81,ONI
1952-01-01,0.53,ONI
1952-02-01,0.37,ONI
1952-03-01,0.34,ONI
1952-04-01,0.29,ONI
1952-05-01,0.2,ONI
1952-06-01,0.0,ONI
1952-07-01,-0.08,ONI
1952-08-01,0.0,ONI
1952-09-01,0.15,ONI
1952-10-01,0.1,ONI
1952-11-01,0.04,ONI
1952-12-01,0.15,ONI
1953-01-01,0.4,ONI
1953-02-01,0.6,ONI
1953-03-01,0.63,ONI
1953-04-01,0.66,ONI
1953-05-01,0.75,ONI
1953-06-01,0.77,ONI
1953-07-01,0.75,ONI
1953-08-01,0.73,ONI
1953-09-01,0.78,ONI
1953-10-01,0.84,ONI
1953-11-01,0.84,ONI
1953-12-01,0.81,ONI
1954-01-01,0.76,ONI
1954-02-01,0.47,ONI
1954-03-01,-0.05,ONI
1954-04-01,-0.41,ONI
1954-05-01,-0.54,ONI
1954-06-01,-0.5,ONI
1954-07-01,-0.64,ONI
1954-08-01,-0.84,ONI
1954-09-01,-0.9,ONI
1954-10-01,-0.77,ONI
1954-11-01,-0.73,ONI
1954-12-01,-0.66,ONI
1955-01-01,-0.68,ONI
1955-02-01,-0.62,ONI
1955-03-01,-0.69,ONI
1955-04-01,-0.8,ONI
1955-05-01,-0.79,ONI
1955-06-01,-0.72,ONI
1955-07-01,-0.68,ONI
1955-08-01,-0.75,ONI
1955-09-01,-1.09,ONI
1955-10-01,-1.42,ONI
1955-11-01,-1.67,ONI
1955-12-01,-1.47,ONI
1956-01-01,-1.11,ONI
1956-02-01,-0.76,ONI
1956-03-01,-0.63,ONI
1956-04-01,-0.54,ONI
1956-05-01,-0.52,ONI
1956-06-01,-0.51,ONI
1956-07-01,-0.57,ONI
1956-08-01,-0.55,ONI
1956-09-01,-0.46,ONI
1956-10-01,-0.42,ONI
1956-11-01,-0.43,ONI
1956-12-01,-0.43,ONI
1957-01-01,-0.25,ONI
1957-02-01,0.06,ONI
1957-03-01,0.41,ONI
1957-04-01,0.72,ONI
1957-05-01,0.92,ONI
1957-06-01,1.11,ONI
1957-07-01,1.25,ONI
1957-08-01,1.32,ONI
1957-09-01,1.33,ONI
1957-10-01,1.39,ONI
1957-11-01,1.53,ONI
1957-12-01,1.74,ONI
1958-01-01,1.81,ONI
1958-02-01,1.66,ONI
1958-03-01,1.27,ONI
1958-04-01,0.93,ONI
1958-05-01,0.74,ONI
1958-06-01,0.64,ONI
1958-07-01,0.57,ONI
1958-08-01,0.43,ONI
1958-09-01,0.39,ONI
1958-10-01,0.44,ONI
1958-11-01,0.5,ONI
1958-12-01,0.61,ONI
1959-01-01,0.61,ONI
1959-02-01,0.62,ONI
1959-03-01,0.52,ONI
1959-04-01,0.33,ONI
1959-05-01,0.2,ONI
1959-06-01,-0.07,ONI
1959-07-01,-0.18,ONI
1959-08-01,-0.28,ONI
1959-09-01,-0.09,ONI
1959-10-01,-0.03,ONI
1959-11-01,0.05,ONI
1959-12-01,-0.04,ONI
1960-01-01,-0.1,ONI
1960-02-01,-0.1,ONI
1960-03-01,-0.07,ONI
1960-04-01,0.03,ONI
1960-05-01,0.02,ONI
1960-06-01,0.03,ONI
1960-07-01,0.13,ONI
1960-08-01,0.24,ONI
1960-09-01,0.27,ONI
1960-10-01,0.2,ONI
1960-11-01,0.12,ONI
1960-12-01,0.05,ONI
1961-01-01,0.04,ONI
1961-02-01,0.03,ONI
1961-03-01,0.04,ONI
1961-04-01,0.09,ONI
1961-05-01,0.23,ONI
1961-06-01,0.27,ONI
1961-07-01,0.14,ONI
1961-08-01,-0.13,ONI
1961-09-01,-0.3,ONI
1961-10-01,-0.26,ONI
1961-11-01,-0.19,ONI
1961-12-01,-0.16,ONI
1962-01-01,-0.24,ONI
1962-02-01,-0.22,ONI
1962-03-01,-0.2,ONI
1962-04-01,-0.26,ONI
1962-05-01,-0.28,ONI
1962-06-01,-0.2,ONI
1962-07-01,-0.04,ONI
1962-08-01,-0.07,ONI
1962-09-01,-0.11,ONI
1962-10-01,-0.22,ONI
1962-11-01,-0.31,ONI
1962-12-01,-0.43,ONI
1963-01-01,-0.4,ONI
1963-02-01,-0.15,ONI
1963-03-01,0.15,ONI
1963-04-01,0.27,ONI
1963-05-01,0.31,ONI
1963-06-01,0.52,ONI
1963-07-01,0.86,ONI
1963-08-01,1.14,ONI
1963-09-01,1.22,ONI
1963-10-01,1.29,ONI
1963-11-01,1.37,ONI
1963-12-01,1.31,ONI
1964-01-01,1.07,ONI
1964-02-01,0.62,ONI
1964-03-01,0.12,ONI
1964-04-01,-0.33,ONI
1964-05-01,-0.58,ONI
1964-06-01,-0.58,ONI
1964-07-01,-0.6,ONI
1964-08-01,-0.66,ONI
1964-09-01,-0.76,ONI
1964-10-01,-0.8,ONI
1964-11-01,-0.82,ONI
1964-12-01,-0.78,ONI
1965-01-01,-0.59,ONI
1965-02-01,-0.28,ONI
1965-03-01,-0.07,ONI
1965-04-01,0.18,ONI
1965-05-01,0.46,ONI
1965-06-01,0.83,ONI
1965-07-01,1.22,ONI
1965-08-01,1.54,ONI
1965-09-01,1.85,ONI
1965-10-01,1.98,ONI
1965-11-01,1.97,ONI
1965-12-01,1.72,ONI
1966-01-01,1.37,ONI
1966-02-01,1.17,ONI
1966-03-01,0.98,ONI
1966-04-01,0.66,ONI
1966-05-01,0.35,ONI
1966-06-01,0.24,ONI
1966-07-01,0.24,ONI
1966-08-01,0.12,ONI
1966-09-01,-0.05,ONI
1966-10-01,-0.1,ONI
1966-11-01,-0.18,ONI
1966-12-01,-0.3,ONI
1967-01-01,-0.41,ONI
1967-02-01,-0.48,ONI
1967-03-01,-0.53,ONI
1967-04-01,-0.45,ONI
1967-05-01,-0.24,ONI
1967-06-01,-0.0,ONI
1967-07-01,0.05,ONI
1967-08-01,-0.16,ONI
1967-09-01,-0.3,ONI
1967-10-01,-0.38,ONI
1967-11-01,-0.34,ONI
1967-12-01,-0.44,ONI
1968-01-01,-0.64,ONI
1968-02-01,-0.74,ONI
1968-03-01,-0.62,ONI
1968-04-01,-0.44,ONI
1968-05-01,-0.04,ONI
1968-06-01,0.28,ONI
1968-07-01,0.58,ONI
1968-08-01,0.53,ONI
1968-09-01,0.45,ONI
1968-10-01,0.55,ONI
1968-11-01,0.73,ONI
1968-12-01,0.98,ONI
1969-01-01,1.13,ONI
1969-02-01,1.09,ONI
1969-03-01,0.95,ONI
1969-04-01,0.77,ONI
1969-05-01,0.61,ONI
1969-06-01,0.43,ONI
1969-07-01,0.36,ONI
1969-08-01,0.51,ONI
1969-09-01,0.79,ONI
1969-10-01,0.86,ONI
1969-11-01,0.81,ONI
1969-12-01,0.63,ONI
1970-01-01,0.51,ONI
1970-02-01,0.34,ONI
1970-03-01,0.29,ONI
1970-04-01,0.19,ONI
1970-05-01,0.04,ONI
1970-06-01,-0.3,ONI
1970-07-01,-0.63,ONI
1970-08-01,-0.76,ONI
1970-09-01,-0.77,ONI
1970-10-01,-0.74,ONI
1970-11-01,-0.86,ONI
1970-12-01,-1.15,ONI
1971-01-01,-1.36,ONI
1971-02-01,-1.38,ONI
1971-03-01,-1.12,ONI
1971-04-01,-0.85,ONI
1971-05-01,-0.73,ONI
1971-06-01,-0.74,ONI
1971-07-01,-0.8,ONI
1971-08-01,-0.77,ONI
1971-09-01,-0.82,ONI
1971-10-01,-0.85,ONI
1971-11-01,-0.96,ONI
1971-12-01,-0.9,ONI
1972-01-01,-0.71,ONI
1972-02-01,-0.35,ONI
1972-03-01,0.06,ONI
1972-04-01,0.41,ONI
1972-05-01,0.67,ONI
1972-06-01,0.92,ONI
1972-07-01,1.13,ONI
1972-08-01,1.37,ONI
1972-09-01,1.58,ONI
1972-10-01,1.84,ONI
1972-11-01,2.09,ONI
1972-12-01,2.12,ONI
1973-01-01,1.84,ONI
1973-02-01,1.25,ONI
1973-03-01,0.54,ONI
1973-04-01,-0.1,ONI
1973-05-01,-0.54,ONI
1973-06-01,-0.87,ONI
1973-07-01,-1.11,ONI
1973-08-01,-1.28,ONI
1973-09-01,-1.45,ONI
1973-10-01,-1.71,ONI
1973-11-01,-1.95,ONI
1973-12-01,-2.03,ONI
1974-01-01,-1.84,ONI
1974-02-01,-1.55,ONI
1974-03-01,-1.23,ONI
1974-04-01,-1.03,ONI
1974-05-01,-0.91,ONI
1974-06-01,-0.77,ONI
1974-07-01,-0.53,ONI
1974-08-01,-0.37,ONI
1974-09-01,-0.41,ONI
1974-10-01,-0.61,ONI
1974-11-01,-0.75,ONI
1974-12-01,-0.64,ONI
1975-01-01,-0.54,ONI
1975-02-01,-0.57,ONI
1975-03-01,-0.65,ONI
1975-04-01,-0.73,ONI
1975-05-01,-0.83,ONI
1975-06-01,-0.98,ONI
1975-07-01,-1.13,ONI
1975-08-01,-1.2,ONI
1975-09-01,-1.37,ONI
1975-10-01,-1.43,ONI
1975-11-01,-1.55,ONI
1975-12-01,-1.65,ONI
1976-01-01,-1.56,ONI
1976-02-01,-1.17,ONI
1976-03-01,-0.73,ONI
1976-04-01,-0.47,ONI
1976-05-01,-0.28,ONI
1976-06-01,-0.05,ONI
1976-07-01,0.18,ONI
1976-08-01,0.35,ONI
1976-09-01,0.62,ONI
1976-10-01,0.81,ONI
1976-11-01,0.86,ONI
1976-12-01,0.85,ONI
1977-01-01,0.71,ONI
1977-02-01,0.64,ONI
1977-03-01,0.34,ONI
1977-04-01,0.23,ONI
1977-05-01,0.21,ONI
1977-06-01,0.34,ONI
1977-07-01,0.35,ONI
1977-08-01,0.42,ONI
1977-09-01,0.57,ONI
1977-10-01,0.73,ONI
1977-11-01,0.81,ONI
1977-12-01,0.79,ONI
1978-01-01,0.69,ONI
1978-02-01,0.42,ONI
1978-03-01,0.06,ONI
1978-04-01,-0.18,ONI
1978-05-01,-0.31,ONI
1978-06-01,-0.29,ONI
1978-07-01,-0.36,ONI
1978-08-01,-0.42,ONI
1978-09-01,-0.42,ONI
1978-10-01,-0.29,ONI
1978-11-01,-0.08,ONI
1978-12-01,0.0,ONI
1979-01-01,0.03,ONI
1979-02-01,0.07,ONI
1979-03-01,0.2,ONI
1979-04-01,0.28,ONI
1979-05-01,0.23,ONI
1979-06-01,0.05,ONI
1979-07-01,0.04,ONI
1979-08-01,0.17,ONI
1979-09-01,0.33,ONI
1979-10-01,0.45,ONI
1979-11-01,0.52,ONI
1979-12-01,0.64,ONI
1980-01-01,0.59,ONI
1980-02-01,0.46,ONI
1980-03-01,0.34,ONI
1980-04-01,0.38,ONI
1980-05-01,0.48,ONI
1980-06-01,0.46,ONI
1980-07-01,0.25,ONI
1980-08-01,0.03,ONI
1980-09-01,-0.07,ONI
1980-10-01,0.02,ONI
1980-11-01,0.11,ONI
1980-12-01,-0.01,ONI
1981-01-01,-0.26,ONI
1981-02-01,-0.5,ONI
1981-03-01,-0.47,ONI
1981-04-01,-0.37,ONI
1981-05-01,-0.26,ONI
1981-06-01,-0.29,ONI
1981-07-01,-0.3,ONI
1981-08-01,-0.25,ONI
1981-09-01,-0.16,ONI
1981-10-01,-0.13,ONI
1981-11-01,-0.15,ONI
1981-12-01,-0.08,ONI
1982-01-01,-0.05,ONI
1982-02-01,0.07,ONI
1982-03-01,0.19,ONI
1982-04-01,0.47,ONI
1982-05-01,0.66,ONI
1982-06-01,0.72,ONI
1982-07-01,0.79,ONI
1982-08-01,1.07,ONI
1982-09-01,1.58,ONI
1982-10-01,1.97,ONI
1982-11-01,2.18,ONI
1982-12-01,2.23,ONI
1983-01-01,2.18,ONI
1983-02-01,1.92,ONI
1983-03-01,1.54,ONI
1983-04-01,1.29,ONI
1983-05-01,1.06,ONI
1983-06-01,0.72,ONI
1983-07-01,0.31,ONI
1983-08-01,-0.08,ONI
1983-09-01,-0.46,ONI
1983-10-01,-0.81,ONI
1983-11-01,-1.0,ONI
1983-12-01,-0.91,ONI
1984-01-01,-0.6,ONI
1984-02-01,-0.42,ONI
1984-03-01,-0.34,ONI
1984-04-01,-0.43,ONI
1984-05-01,-0.51,ONI
1984-06-01,-0.45,ONI
1984-07-01,-0.3,ONI
1984-08-01,-0.16,ONI
1984-09-01,-0.24,ONI
1984-10-01,-0.56,ONI
1984-11-01,-0.92,ONI
1984-12-01,-1.14,ONI
1985-01-01,-1.04,ONI
1985-02-01,-0.85,ONI
1985-03-01,-0.77,ONI
1985-04-01,-0.78,ONI
1985-05-01,-0.78,ONI
1985-06-01,-0.63,ONI
1985-07-01,-0.49,ONI
1985-08-01,-0.46,ONI
1985-09-01,-0.4,ONI
1985-10-01,-0.35,ONI
1985-11-01,-0.27,ONI
1985-12-01,-0.36,ONI
1986-01-01,-0.49,ONI
1986-02-01,-0.47,ONI
1986-03-01,-0.31,ONI
1986-04-01,-0.2,ONI
1986-05-01,-0.12,ONI
1986-06-01,-0.04,ONI
1986-07-01,0.22,ONI
1986-08-01,0.44,ONI
1986-09-01,0.71,ONI
1986-10-01,0.94,ONI
1986-11-01,1.14,ONI
1986-12-01,1.22,ONI
1987-01-01,1.23,ONI
1987-02-01,1.19,ONI
1987-03-01,1.06,ONI
1987-04-01,0.95,ONI
1987-05-01,0.97,ONI
1987-06-01,1.22,ONI
1987-07-01,1.51,ONI
1987-08-01,1.7,ONI
1987-09-01,1.65,ONI
1987-10-01,1.48,ONI
1987-11-01,1.25,ONI
1987-12-01,1.11,ONI
1988-01-01,0.81,ONI
1988-02-01,0.54,ONI
1988-03-01,0.14,ONI
1988-04-01,-0.31,ONI
1988-05-01,-0.88,ONI
1988-06-01,-1.3,ONI
1988-07-01,-1.3,ONI
1988-08-01,-1.11,ONI
1988-09-01,-1.19,ONI
1988-10-01,-1.48,ONI
1988-11-01,-1.8,ONI
1988-12-01,-1.85,ONI
1989-01-01,-1.69,ONI
1989-02-01,-1.43,ONI
1989-03-01,-1.08,ONI
1989-04-01,-0.83,ONI
1989-05-01,-0.58,ONI
1989-06-01,-0.4,ONI
1989-07-01,-0.31,ONI
1989-08-01,-0.27,ONI
1989-09-01,-0.24,ONI
1989-10-01,-0.22,ONI
1989-11-01,-0.16,ONI
1989-12-01,-0.05,ONI
1990-01-01,0.14,ONI
1990-02-01,0.21,ONI
1990-03-01,0.28,ONI
1990-04-01,0.29,ONI
1990-05-01,0.29,ONI
1990-06-01,0.31,ONI
1990-07-01,0.33,ONI
1990-08-01,0.38,ONI
1990-09-01,0.39,ONI
1990-10-01,0.35,ONI
1990-11-01,0.4,ONI
1990-12-01,0.41,ONI
1991-01-01,0.41,ONI
1991-02-01,0.26,ONI
1991-03-01,0.22,ONI
1991-04-01,0.26,ONI
1991-05-01,0.45,ONI
1991-06-01,0.64,ONI
1991-07-01,0.73,ONI
1991-08-01,0.64,ONI
1991-09-01,0.62,ONI
1991-10-01,0.79,ONI
1991-11-01,1.21,ONI
1991-12-01,1.53,ONI
1992-01-01,1.71,ONI
1992-02-01,1.63,ONI
1992-03-01,1.48,ONI
1992-04-01,1.29,ONI
1992-05-01,1.06,ONI
1992-06-01,0.73,ONI
1992-07-01,0.37,ONI
1992-08-01,0.09,ONI
1992-09-01,-0.13,ONI
1992-10-01,-0.25,ONI
1992-11-01,-0.28,ONI
1992-12-01,-0.13,ONI
1993-01-01,0.09,ONI
1993-02-01,0.3,ONI
1993-03-01,0.5,ONI
1993-04-01,0.67,ONI
1993-05-01,0.7,ONI
1993-06-01,0.57,ONI
1993-07-01,0.32,ONI
1993-08-01,0.25,ONI
1993-09-01,0.15,ONI
1993-10-01,0.1,ONI
1993-11-01,0.04,ONI
1993-12-01,0.06,ONI
1994-01-01,0.06,ONI
1994-02-01,0.07,ONI
1994-03-01,0.17,ONI
1994-04-01,0.31,ONI
1994-05-01,0.42,ONI
1994-06-01,0.41,ONI
1994-07-01,0.44,ONI
1994-08-01,0.43,ONI
1994-09-01,0.55,ONI
1994-10-01,0.74,ONI
1994-11-01,1.01,ONI
1994-12-01,1.09,ONI
1995-01-01,0.96,ONI
1995-02-01,0.72,ONI
1995-03-01,0.53,ONI
1995-04-01,0.3,ONI
1995-05-01,0.14,ONI
1995-06-01,-0.03,ONI
1995-07-01,-0.24,ONI
1995-08-01,-0.54,ONI
1995-09-01,-0.81,ONI
1995-10-01,-0.97,ONI
1995-11-01,-1.0,ONI
1995-12-01,-0.98,ONI
1996-01-01,-0.9,ONI
1996-02-01,-0.75,ONI
1996-03-01,-0.59,ONI
1996-04-01,-0.39,ONI
1996-05-01,-0.31,ONI
1996-06-01,-0.3,ONI
1996-07-01,-0.27,ONI
1996-08-01,-0.32,ONI
1996-09-01,-0.35,ONI
1996-10-01,-0.4,ONI
1996-11-01,-0.45,ONI
1996-12-01,-0.49,ONI
1997-01-01,-0.5,ONI
1997-02-01,-0.36,ONI
1997-03-01,-0.1,ONI
1997-04-01,0.28,ONI
1997-05-01,0.75,ONI
1997-06-01,1.22,ONI
1997-07-01,1.6,ONI
1997-08-01,1.9,ONI
1997-09-01,2.14,ONI
1997-10-01,2.33,ONI
1997-11-01,2.4,ONI
1997-12-01,2.39,ONI
1998-01-01,2.24,ONI
1998-02-01,1.93,ONI
1998-03-01,1.44,ONI
1998-04-01,0.99,ONI
1998-05-01,0.45,ONI
1998-06-01,-0.13,ONI
1998-07-01,-0.78,ONI
1998-08-01,-1.12,ONI
1998-09-01,-1.31,ONI
1998-10-01,-1.35,ONI
1998-11-01,-1.48,ONI
1998-12-01,-1.57,ONI
1999-01-01,-1.55,ONI
1999-02-01,-1.3,ONI
1999-03-01,-1.07,ONI
1999-04-01,-0.98,ONI
1999-05-01,-1.02,ONI
1999-06-01,-1.04,ONI
1999-07-01,-1.1,ONI
1999-08-01,-1.11,ONI
1999-09-01,-1.16,ONI
1999-10-01,-1.26,ONI
1999-11-01,-1.46,ONI
1999-12-01,-1.65,ONI
2000-01-01,-1.66,ONI
2000-02-01,-1.41,ONI
2000-03-01,-1.07,ONI
2000-04-01,-0.81,ONI
2000-05-01,-0.71,ONI
2000-06-01,-0.64,ONI
2000-07-01,-0.55,ONI
2000-08-01,-0.51,ONI
2000-09-01,-0.55,ONI
2000-10-01,-0.63,ONI
2000-11-01,-0.75,ONI
2000-12-01,-0.74,ONI
2001-01-01,-0.68,ONI
2001-02-01,-0.52,ONI
2001-03-01,-0.44,ONI
2001-04-01,-0.34,ONI
2001-05-01,-0.25,ONI
2001-06-01,-0.12,ONI
2001-07-01,-0.08,ONI
2001-08-01,-0.13,ONI
2001-09-01,-0.19,ONI
2001-10-01,-0.29,ONI
2001-11-01,-0.35,ONI
2001-12-01,-0.31,ONI
2002-01-01,-0.15,ONI
2002-02-01,0.03,ONI
2002-03-01,0.09,ONI
2002-04-01,0.2,ONI
2002-05-01,0.43,ONI
2002-06-01,0.65,ONI
2002-07-01,0.79,ONI
2002-08-01,0.86,ONI
2002-09-01,1.01,ONI
2002-10-01,1.21,ONI
2002-11-01,1.31,ONI
2002-12-01,1.14,ONI
2003-01-01,0.92,ONI
2003-02-01,0.63,ONI
2003-03-01,0.38,ONI
2003-04-01,-0.04,ONI
2003-05-01,-0.26,ONI
2003-06-01,-0.16,ONI
2003-07-01,0.08,ONI
2003-08-01,0.21,ONI
2003-09-01,0.26,ONI
2003-10-01,0.29,ONI
2003-11-01,0.35,ONI
2003-12-01,0.35,ONI
2004-01-01,0.37,ONI
2004-02-01,0.31,ONI
2004-03-01,0.23,ONI
2004-04-01,0.17,ONI
2004-05-01,0.17,ONI
2004-06-01,0.28,ONI
2004-07-01,0.47,ONI
2004-08-01,0.64,ONI
2004-09-01,0.7,ONI
2004-10-01,0.67,ONI
2004-11-01,0.66,ONI
2004-12-01,0.69,ONI
2005-01-01,0.64,ONI
2005-02-01,0.58,ONI
2005-03-01,0.45,ONI
2005-04-01,0.43,ONI
2005-05-01,0.29,ONI
2005-06-01,0.11,ONI
2005-07-01,-0.06,ONI
2005-08-01,-0.14,ONI
2005-09-01,-0.11,ONI
2005-10-01,-0.29,ONI
2005-11-01,-0.57,ONI
2005-12-01,-0.84,ONI
2006-01-01,-0.85,ONI
2006-02-01,-0.77,ONI
2006-03-01,-0.57,ONI
2006-04-01,-0.37,ONI
2006-05-01,-0.14,ONI
2006-06-01,-0.03,ONI
2006-07-01,0.1,ONI
2006-08-01,0.3,ONI
2006-09-01,0.54,ONI
2006-10-01,0.77,ONI
2006-11-01,0.94,ONI
2006-12-01,0.94,ONI
2007-01-01,0.66,ONI
2007-02-01,0.22,ONI
2007-03-01,-0.12,ONI
2007-04-01,-0.32,ONI
2007-05-01,-0.38,ONI
2007-06-01,-0.47,ONI
2007-07-01,-0.56,ONI
2007-08-01,-0.81,ONI
2007-09-01,-1.07,ONI
2007-10-01,-1.34,ONI
2007-11-01,-1.5,ONI
2007-12-01,-1.6,ONI
2008-01-01,-1.64,ONI
2008-02-01,-1.52,ONI
2008-03-01,-1.29,ONI
2008-04-01,-1.01,ONI
2008-05-01,-0.84,ONI
2008-06-01,-0.61,ONI
2008-07-01,-0.37,ONI
2008-08-01,-0.23,ONI
2008-09-01,-0.24,ONI
2008-10-01,-0.35,ONI
2008-11-01,-0.55,ONI
2008-12-01,-0.73,ONI
2009-01-01,-0.85,ONI
2009-02-01,-0.79,ONI
2009-03-01,-0.61,ONI
2009-04-01,-0.33,ONI
2009-05-01,0.01,ONI
2009-06-01,0.28,ONI
2009-07-01,0.45,ONI
2009-08-01,0.58,ONI
2009-09-01,0.71,ONI
2009-10-01,1.01,ONI
2009-11-01,1.36,ONI
2009-12-01,1.56,ONI
2010-01-01,1.5,ONI
2010-02-01,1.22,ONI
2010-03-01,0.84,ONI
2010-04-01,0.35,ONI
2010-05-01,-0.17,ONI
2010-06-01,-0.66,ONI
2010-07-01,-1.05,ONI
2010-08-01,-1.35,ONI
2010-09-01,-1.56,ONI
2010-10-01,-1.64,ONI
2010-11-01,-1.64,ONI
2010-12-01,-1.54,ONI
2011-01-01,-1.31,ONI
2011-02-01,-1.04,ONI
2011-03-01,-0.8,ONI
2011-04-01,-0.62,ONI
2011-05-01,-0.46,ONI
2011-06-01,-0.37,ONI
2011-07-01,-0.43,ONI
2011-08-01,-0.58,ONI
2011-09-01,-0.79,ONI
2011-10-01,-0.96,ONI
2011-11-01,-1.02,ONI
2011-12-01,-0.92,ONI
2012-01-01,-0.72,ONI
2012-02-01,-0.57,ONI
2012-03-01,-0.46,ONI
2012-04-01,-0.36,ONI
2012-05-01,-0.17,ONI
2012-06-01,0.06,ONI
2012-07-01,0.3,ONI
2012-08-01,0.41,ONI
2012-09-01,0.41,ONI
2012-10-01,0.31,ONI
2012-11-01,0.13,ONI
2012-12-01,-0.1,ONI
2013-01-01,-0.29,ONI
2013-02-01,-0.29,ONI
2013-03-01,-0.21,ONI
2013-04-01,-0.19,ONI
2013-05-01,-0.27,ONI
2013-06-01,-0.34,ONI
2013-07-01,-0.35,ONI
2013-08-01,-0.28,ONI
2013-09-01,-0.21,ONI
2013-10-01,-0.13,ONI
2013-11-01,-0.1,ONI
2013-12-01,-0.15,ONI
2014-01-01,-0.28,ONI
2014-02-01,-0.32,ONI
2014-03-01,-0.14,ONI
2014-04-01,0.15,ONI
2014-05-01,0.31,ONI
2014-06-01,0.23,ONI
2014-07-01,0.1,ONI
2014-08-01,0.11,ONI
2014-09-01,0.28,ONI
2014-10-01,0.54,ONI
2014-11-01,0.71,ONI
2014-12-01,0.77,ONI
2015-01-01,0.69,ONI
2015-02-01,0.61,ONI
2015-03-01,0.65,ONI
2015-04-01,0.81,ONI
2015-05-01,1.02,ONI
2015-06-01,1.25,ONI
2015-07-01,1.57,ONI
2015-08-01,1.91,ONI
2015-09-01,2.21,ONI
2015-10-01,2.47,ONI
2015-11-01,2.64,ONI
2015-12-01,2.75,ONI
2016-01-01,2.63,ONI
2016-02-01,2.28,ONI
2016-03-01,1.71,ONI
2016-04-01,1.05,ONI
2016-05-01,0.49,ONI
2016-06-01,0.0,ONI
2016-07-01,-0.31,ONI
2016-08-01,-0.5,ONI
2016-09-01,-0.58,ONI
2016-10-01,-0.64,ONI
2016-11-01,-0.6,ONI
2016-12-01,-0.45,ONI
2017-01-01,-0.19,ONI
2017-02-01,-0.02,ONI
2017-03-01,0.18,ONI
2017-04-01,0.31,ONI
2017-05-01,0.4,ONI
2017-06-01,0.39,ONI
2017-07-01,0.19,ONI
2017-08-01,-0.07,ONI
2017-09-01,-0.34,ONI
2017-10-01,-0.6,ONI
2017-11-01,-0.77,ONI
2017-12-01,-0.86,ONI
2018-01-01,-0.77,ONI
2018-02-01,-0.71,ONI
2018-03-01,-0.57,ONI
2018-04-01,-0.39,ONI
2018-05-01,-0.13,ONI
2018-06-01,0.06,ONI
2018-07-01,0.14,ONI
2018-08-01,0.27,ONI
2018-09-01,0.53,ONI
2018-10-01,0.81,ONI
2018-11-01,0.97,ONI
2018-12-01,0.92,ONI
2019-01-01,0.89,ONI
2019-02-01,0.86,ONI
2019-03-01,0.84,ONI
2019-04-01,0.77,ONI
2019-05-01,0.64,ONI
2019-06-01,0.52,ONI
2019-07-01,0.33,ONI
2019-08-01,0.19,ONI
2019-09-01,0.23,ONI
2019-10-01,0.39,ONI
2019-11-01,0.58,ONI
2019-12-01,0.66,ONI
2020-01-01,0.64,ONI
2020-02-01,0.63,ONI
2020-03-01,0.53,ONI
2020-04-01,0.3,ONI
2020-05-01,0.01,ONI
2020-06-01,-0.23,ONI
2020-07-01,-0.36,ONI
2020-08-01,-0.53,ONI
2020-09-01,-0.85,ONI
2020-10-01,-1.12,ONI
2020-11-01,-1.2,ONI
2020-12-01,-1.08,ONI
2021-01-01,-0.91,ONI
2021-02-01,-0.79,ONI
2021-03-01,-0.71,ONI
2021-04-01,-0.55,ONI
2021-05-01,-0.39,ONI
2021-06-01,-0.3,ONI
2021-07-01,-0.35,ONI
2021-08-01,-0.45,ONI
2021-09-01,-0.63,ONI
2021-10-01,-0.76,ONI
2021-11-01,-0.91,ONI
2021-12-01,-0.87,ONI
2022-01-01,-0.82,ONI
2022-02-01,-0.79,ONI
2022-03-01,-0.86,ONI
2022-04-01,-0.95,ONI
2022-05-01,-0.9,ONI
2022-06-01,-0.78,ONI
2022-07-01,-0.76,ONI
2022-08-01,-0.87,ONI
2022-09-01,-0.97,ONI
2022-10-01,-0.94,ONI
2022-11-01,-0.85,ONI
2022-12-01,-0.71,ONI
2023-01-01,-0.54,ONI
2023-02-01,-0.29,ONI
2023-03-01,-0.02,ONI
2023-04-01,0.27,ONI
2023-05-01,0.57,ONI
2023-06-01,0.84,ONI
2023-07-01,1.12,ONI
2023-08-01,1.37,ONI
2023-09-01,1.6,ONI
2023-10-01,1.83,ONI
2023-11-01,1.99,ONI
2023-12-01,2.06,ONI
2024-01-01,1.92,ONI
2024-02-01,1.62,ONI
2024-03-01,1.26,ONI
2024-04-01,0.82,ONI
2024-05-01,0.49,ONI
2024-06-01,0.22,ONI
2024-07-01,0.08,ONI
2024-08-01,-0.07,ONI
2024-09-01,-0.17,ONI
2024-10-01,-0.21,ONI
2024-11-01,-0.3,ONI
2024-12-01,-0.42,ONI
2025-01-01,-0.45,ONI
2025-02-01,-0.24,ONI
2025-03-01,-0.06,ONI
2025-04-01,0.02,ONI
2025-05-01,-0.02,ONI
2025-06-01,-0.04,ONI
2025-07-01,-0.14,ONI
2025-08-01,-0.28,ONI
2025-09-01,-0.4,ONI
2025-10-01,-0.51,ONI
2025-11-01,-0.55,ONI
2025-12-01,-0.54,ONI
2026-01-01,-0.39,ONI
1948-01-01,-0.11,PDO
1948-02-01,-0.74,PDO
1948-03-01,-0.03,PDO
1948-04-01,-1.33,PDO
1948-05-01,-0.23,PDO
1948-06-01,0.08,PDO
1948-07-01,-0.92,PDO
1948-08-01,-1.56,PDO
1948-09-01,-1.74,PDO
1948-10-01,-1.32,PDO
1948-11-01,-0.89,PDO
1948-12-01,-1.7,PDO
1949-01-01,-2.01,PDO
1949-02-01,-3.6,PDO
1949-03-01,-1.0,PDO
1949-04-01,-0.53,PDO
1949-05-01,-1.07,PDO
1949-06-01,-0.7,PDO
1949-07-01,-0.56,PDO
1949-08-01,-1.3,PDO
1949-09-01,-0.93,PDO
1949-10-01,-1.41,PDO
1949-11-01,-0.83,PDO
1949-12-01,-0.8,PDO
1950-01-01,-2.13,PDO
1950-02-01,-2.91,PDO
1950-03-01,-1.13,PDO
1950-04-01,-1.2,PDO
1950-05-01,-2.23,PDO
1950-06-01,-1.77,PDO
1950-07-01,-2.93,PDO
1950-08-01,-0.7,PDO
1950-09-01,-2.14,PDO
1950-10-01,-1.36,PDO
1950-11-01,-2.46,PDO
1950-12-01,-0.76,PDO
1951-01-01,-1.54,PDO
1951-02-01,-1.06,PDO
1951-03-01,-1.9,PDO
1951-04-01,-0.36,PDO
1951-05-01,-0.25,PDO
1951-06-01,-1.09,PDO
1951-07-01,0.7,PDO
1951-08-01,-1.37,PDO
1951-09-01,-0.08,PDO
1951-10-01,-0.32,PDO
1951-11-01,-0.28,PDO
1951-12-01,-1.68,PDO
1952-01-01,-2.01,PDO
1952-02-01,-0.46,PDO
1952-03-01,-0.63,PDO
1952-04-01,-1.05,PDO
1952-05-01,-1.0,PDO
1952-06-01,-1.43,PDO
1952-07-01,-1.25,PDO
1952-08-01,-0.6,PDO
1952-09-01,-0.89,PDO
1952-10-01,-0.35,PDO
1952-11-01,-0.76,PDO
1952-12-01,0.04,PDO
1953-01-01,-0.57,PDO
1953-02-01,-0.07,PDO
1953-03-01,-1.12,PDO
1953-04-01,0.05,PDO
1953-05-01,0.43,PDO
1953-06-01,0.29,PDO
1953-07-01,0.74,PDO
1953-08-01,0.05,PDO
1953-09-01,-0.63,PDO
1953-10-01,-1.09,PDO
1953-11-01,-0.03,PDO
1953-12-01,0.07,PDO
1954-01-01,-1.32,PDO
1954-02-01,-1.61,PDO
1954-03-01,-0.52,PDO
1954-04-01,-1.33,PDO
1954-05-01,0.01,PDO
1954-06-01,0.97,PDO
1954-07-01,0.43,PDO
1954-08-01,0.08,PDO
1954-09-01,-0.94,PDO
1954-10-01,0.52,PDO
1954-11-01,0.72,PDO
1954-12-01,-0.5,PDO
1955-01-01,0.2,PDO
1955-02-01,-1.52,PDO
1955-03-01,-1.26,PDO
1955-04-01,-1.97,PDO
1955-05-01,-1.21,PDO
1955-06-01,-2.44,PDO
1955-07-01,-2.35,PDO
1955-08-01,-2.25,PDO
1955-09-01,-1.95,PDO
1955-10-01,-2.8,PDO
1955-11-01,-3.08,PDO
1955-12-01,-2.75,PDO
1956-01-01,-2.48,PDO
1956-02-01,-2.74,PDO
1956-03-01,-2.56,PDO
1956-04-01,-2.17,PDO
1956-05-01,-1.41,PDO
1956-06-01,-1.7,PDO
1956-07-01,-1.03,PDO
1956-08-01,-1.16,PDO
1956-09-01,-0.71,PDO
1956-10-01,-2.3,PDO
1956-11-01,-2.11,PDO
1956-12-01,-1.28,PDO
1957-01-01,-1.82,PDO
1957-02-01,-0.68,PDO
1957-03-01,0.03,PDO
1957-04-01,-0.58,PDO
1957-05-01,0.57,PDO
1957-06-01,1.76,PDO
1957-07-01,0.72,PDO
1957-08-01,0.51,PDO
1957-09-01,1.59,PDO
1957-10-01,1.5,PDO
1957-11-01,-0.32,PDO
1957-12-01,-0.55,PDO
1958-01-01,0.25,PDO
1958-02-01,0.62,PDO
1958-03-01,0.25,PDO
1958-04-01,1.06,PDO
1958-05-01,1.28,PDO
1958-06-01,1.33,PDO
1958-07-01,0.89,PDO
1958-08-01,1.06,PDO
1958-09-01,0.29,PDO
1958-10-01,0.01,PDO
1958-11-01,-0.18,PDO
1958-12-01,0.86,PDO
1959-01-01,0.69,PDO
1959-02-01,-0.43,PDO
1959-03-01,-0.95,PDO
1959-04-01,-0.02,PDO
1959-05-01,0.23,PDO
1959-06-01,0.44,PDO
1959-07-01,-0.5,PDO
1959-08-01,-0.62,PDO
1959-09-01,-0.85,PDO
1959-10-01,0.52,PDO
1959-11-01,1.11,PDO
1959-12-01,0.06,PDO
1960-01-01,0.3,PDO
1960-02-01,0.52,PDO
1960-03-01,-0.21,PDO
1960-04-01,0.09,PDO
1960-05-01,0.91,PDO
1960-06-01,0.64,PDO
1960-07-01,-0.27,PDO
1960-08-01,-0.38,PDO
1960-09-01,-0.94,PDO
1960-10-01,0.09,PDO
1960-11-01,-0.23,PDO
1960-12-01,0.17,PDO
1961-01-01,1.18,PDO
1961-02-01,0.43,PDO
1961-03-01,0.09,PDO
1961-04-01,0.34,PDO
1961-05-01,-0.06,PDO
1961-06-01,-0.61,PDO
1961-07-01,-1.22,PDO
1961-08-01,-1.13,PDO
1961-09-01,-2.01,PDO
1961-10-01,-2.28,PDO
1961-11-01,-1.85,PDO
1961-12-01,-2.69,PDO
1962-01-01,-1.29,PDO
1962-02-01,-1.15,PDO
1962-03-01,-1.42,PDO
1962-04-01,-0.8,PDO
1962-05-01,-1.22,PDO
1962-06-01,-1.62,PDO
1962-07-01,-1.46,PDO
1962-08-01,-0.48,PDO
1962-09-01,-1.58,PDO
1962-10-01,-1.55,PDO
1962-11-01,-0.37,PDO
1962-12-01,-0.96,PDO
1963-01-01,-0.33,PDO
1963-02-01,-0.16,PDO
1963-03-01,-0.54,PDO
1963-04-01,-0.41,PDO
1963-05-01,-0.65,PDO
1963-06-01,-0.88,PDO
1963-07-01,-1.0,PDO
1963-08-01,-1.03,PDO
1963-09-01,0.45,PDO
1963-10-01,-0.52,PDO
1963-11-01,-2.08,PDO
1963-12-01,-1.08,PDO
1964-01-01,0.01,PDO
1964-02-01,-0.21,PDO
1964-03-01,-0.87,PDO
1964-04-01,-1.03,PDO
1964-05-01,-1.91,PDO
1964-06-01,-0.32,PDO
1964-07-01,-0.51,PDO
1964-08-01,-1.03,PDO
1964-09-01,-0.68,PDO
1964-10-01,-0.37,PDO
1964-11-01,-0.8,PDO
1964-12-01,-1.52,PDO
1965-01-01,-1.24,PDO
1965-02-01,-1.16,PDO
1965-03-01,0.04,PDO
1965-04-01,0.62,PDO
1965-05-01,-0.66,PDO
1965-06-01,-0.8,PDO
1965-07-01,-0.47,PDO
1965-08-01,0.2,PDO
1965-09-01,0.59,PDO
1965-10-01,-0.36,PDO
1965-11-01,-0.59,PDO
1965-12-01,0.06,PDO
1966-01-01,-0.82,PDO
1966-02-01,-0.03,PDO
1966-03-01,-1.29,PDO
1966-04-01,0.06,PDO
1966-05-01,-0.53,PDO
1966-06-01,0.16,PDO
1966-07-01,0.26,PDO
1966-08-01,-0.35,PDO
1966-09-01,-0.33,PDO
1966-10-01,-1.17,PDO
1966-11-01,-1.15,PDO
1966-12-01,-0.32,PDO
1967-01-01,-0.2,PDO
1967-02-01,-0.18,PDO
1967-03-01,-1.2,PDO
1967-04-01,-0.89,PDO
1967-05-01,-1.24,PDO
1967-06-01,-1.16,PDO
1967-07-01,-0.89,PDO
1967-08-01,-1.24,PDO
1967-09-01,-0.72,PDO
1967-10-01,-0.64,PDO
1967-11-01,-0.05,PDO
1967-12-01,-0.4,PDO
1968-01-01,-0.95,PDO
1968-02-01,-0.4,PDO
1968-03-01,-0.31,PDO
1968-04-01,-1.03,PDO
1968-05-01,-0.53,PDO
1968-06-01,-0.35,PDO
1968-07-01,0.53,PDO
1968-08-01,0.19,PDO
1968-09-01,0.06,PDO
1968-10-01,-0.34,PDO
1968-11-01,-0.44,PDO
1968-12-01,-1.27,PDO
1969-01-01,-1.26,PDO
1969-02-01,-0.95,PDO
1969-03-01,-0.5,PDO
1969-04-01,-0.44,PDO
1969-05-01,-0.2,PDO
1969-06-01,0.89,PDO
1969-07-01,0.1,PDO
1969-08-01,-0.81,PDO
1969-09-01,-0.66,PDO
1969-10-01,1.12,PDO
1969-11-01,0.15,PDO
1969-12-01,1.38,PDO
1970-01-01,0.61,PDO
1970-02-01,0.43,PDO
1970-03-01,1.33,PDO
1970-04-01,0.43,PDO
1970-05-01,-0.49,PDO
1970-06-01,0.06,PDO
1970-07-01,-0.68,PDO
1970-08-01,-1.63,PDO
1970-09-01,-1.67,PDO
1970-10-01,-1.39,PDO
1970-11-01,-0.8,PDO
1970-12-01,-0.97,PDO
1971-01-01,-1.9,PDO
1971-02-01,-1.74,PDO
1971-03-01,-1.68,PDO
1971-04-01,-1.59,PDO
1971-05-01,-1.55,PDO
1971-06-01,-1.55,PDO
1971-07-01,-2.2,PDO
1971-08-01,-0.15,PDO
1971-09-01,0.21,PDO
1971-10-01,-0.22,PDO
1971-11-01,-1.25,PDO
1971-12-01,-1.87,PDO
1972-01-01,-1.99,PDO
1972-02-01,-1.83,PDO
1972-03-01,-2.09,PDO
1972-04-01,-1.65,PDO
1972-05-01,-1.57,PDO
1972-06-01,-1.87,PDO
1972-07-01,-0.83,PDO
1972-08-01,0.25,PDO
1972-09-01,0.17,PDO
1972-10-01,0.11,PDO
1972-11-01,0.57,PDO
1972-12-01,-0.33,PDO
1973-01-01,-0.46,PDO
1973-02-01,-0.61,PDO
1973-03-01,-0.5,PDO
1973-04-01,-0.69,PDO
1973-05-01,-0.76,PDO
1973-06-01,-0.97,PDO
1973-07-01,-0.57,PDO
1973-08-01,-1.14,PDO
1973-09-01,-0.51,PDO
1973-10-01,-0.87,PDO
1973-11-01,-1.81,PDO
1973-12-01,-0.76,PDO
1974-01-01,-1.22,PDO
1974-02-01,-1.65,PDO
1974-03-01,-0.9,PDO
1974-04-01,-0.52,PDO
1974-05-01,-0.28,PDO
1974-06-01,-0.31,PDO
1974-07-01,-0.08,PDO
1974-08-01,0.27,PDO
1974-09-01,0.44,PDO
1974-10-01,-0.1,PDO
1974-11-01,0.43,PDO
1974-12-01,-0.12,PDO
1975-01-01,-0.84,PDO
1975-02-01,-0.71,PDO
1975-03-01,-0.51,PDO
1975-04-01,-1.3,PDO
1975-05-01,-1.02,PDO
1975-06-01,-1.16,PDO
1975-07-01,-0.4,PDO
1975-08-01,-1.07,PDO
1975-09-01,-1.23,PDO
1975-10-01,-1.29,PDO
1975-11-01,-2.08,PDO
1975-12-01,-1.61,PDO
1976-01-01,-1.14,PDO
1976-02-01,-1.85,PDO
1976-03-01,-0.96,PDO
1976-04-01,-0.89,PDO
1976-05-01,-0.68,PDO
1976-06-01,-0.67,PDO
1976-07-01,0.61,PDO
1976-08-01,1.28,PDO
1976-09-01,0.82,PDO
1976-10-01,1.11,PDO
1976-11-01,1.25,PDO
1976-12-01,1.22,PDO
1977-01-01,1.65,PDO
1977-02-01,1.11,PDO
1977-03-01,0.72,PDO
1977-04-01,0.3,PDO
1977-05-01,0.31,PDO
1977-06-01,0.42,PDO
1977-07-01,0.19,PDO
1977-08-01,0.64,PDO
1977-09-01,-0.55,PDO
1977-10-01,-0.61,PDO
1977-11-01,-0.72,PDO
1977-12-01,-0.69,PDO
1978-01-01,0.34,PDO
1978-02-01,1.45,PDO
1978-03-01,1.34,PDO
1978-04-01,1.29,PDO
1978-05-01,0.9,PDO
1978-06-01,0.15,PDO
1978-07-01,-1.24,PDO
1978-08-01,-0.56,PDO
1978-09-01,-0.44,PDO
1978-10-01,0.1,PDO
1978-11-01,-0.07,PDO
1978-12-01,-0.43,PDO
1979-01-01,-0.58,PDO
1979-02-01,-1.33,PDO
1979-03-01,0.3,PDO
1979-04-01,0.89,PDO
1979-05-01,1.09,PDO
1979-06-01,0.17,PDO
1979-07-01,0.84,PDO
1979-08-01,0.52,PDO
1979-09-01,1.0,PDO
1979-10-01,1.06,PDO
1979-11-01,0.48,PDO
1979-12-01,-0.42,PDO
1980-01-01,-0.11,PDO
1980-02-01,1.32,PDO
1980-03-01,1.09,PDO
1980-04-01,1.49,PDO
1980-05-01,1.2,PDO
1980-06-01,-0.22,PDO
1980-07-01,0.23,PDO
1980-08-01,0.51,PDO
1980-09-01,0.1,PDO
1980-10-01,1.35,PDO
1980-11-01,0.37,PDO
1980-12-01,-0.1,PDO
1981-01-01,0.59,PDO
1981-02-01,1.46,PDO
1981-03-01,0.99,PDO
1981-04-01,1.45,PDO
1981-05-01,1.75,PDO
1981-06-01,1.69,PDO
1981-07-01,0.84,PDO
1981-08-01,0.18,PDO
1981-09-01,0.42,PDO
1981-10-01,0.18,PDO
1981-11-01,0.8,PDO
1981-12-01,0.67,PDO
1982-01-01,0.34,PDO
1982-02-01,0.2,PDO
1982-03-01,0.19,PDO
1982-04-01,-0.19,PDO
1982-05-01,-0.58,PDO
1982-06-01,-0.78,PDO
1982-07-01,0.58,PDO
1982-08-01,0.39,PDO
1982-09-01,0.84,PDO
1982-10-01,0.37,PDO
1982-11-01,-0.25,PDO
1982-12-01,0.26,PDO
1983-01-01,0.56,PDO
1983-02-01,1.14,PDO
1983-03-01,2.11,PDO
1983-04-01,1.87,PDO
1983-05-01,1.8,PDO
1983-06-01,2.36,PDO
1983-07-01,3.51,PDO
1983-08-01,1.85,PDO
1983-09-01,0.91,PDO
1983-10-01,0.96,PDO
1983-11-01,1.02,PDO
1983-12-01,1.69,PDO
1984-01-01,1.5,PDO
1984-02-01,1.21,PDO
1984-03-01,1.77,PDO
1984-04-01,1.52,PDO
1984-05-01,1.3,PDO
1984-06-01,0.18,PDO
1984-07-01,-0.18,PDO
1984-08-01,-0.03,PDO
1984-09-01,0.67,PDO
1984-10-01,0.58,PDO
1984-11-01,0.71,PDO
1984-12-01,0.82,PDO
1985-01-01,1.27,PDO
1985-02-01,0.94,PDO
1985-03-01,0.57,PDO
1985-04-01,0.19,PDO
1985-05-01,0.0,PDO
1985-06-01,0.18,PDO
1985-07-01,1.07,PDO
1985-08-01,0.81,PDO
1985-09-01,0.44,PDO
1985-10-01,0.29,PDO
1985-11-01,-0.75,PDO
1985-12-01,0.38,PDO
1986-01-01,1.12,PDO
1986-02-01,1.61,PDO
1986-03-01,2.18,PDO
1986-04-01,1.55,PDO
1986-05-01,1.16,PDO
1986-06-01,0.89,PDO
1986-07-01,1.38,PDO
1986-08-01,0.22,PDO
1986-09-01,0.22,PDO
1986-10-01,1.0,PDO
1986-11-01,1.77,PDO
1986-12-01,1.77,PDO
1987-01-01,1.88,PDO
1987-02-01,1.75,PDO
1987-03-01,2.1,PDO
1987-04-01,2.16,PDO
1987-05-01,1.85,PDO
1987-06-01,0.73,PDO
1987-07-01,2.01,PDO
1987-08-01,2.83,PDO
1987-09-01,2.44,PDO
1987-10-01,1.36,PDO
1987-11-01,1.47,PDO
1987-12-01,1.27,PDO
1988-01-01,0.93,PDO
1988-02-01,1.24,PDO
1988-03-01,1.42,PDO
1988-04-01,0.94,PDO
1988-05-01,1.2,PDO
1988-06-01,0.74,PDO
1988-07-01,0.64,PDO
1988-08-01,0.19,PDO
1988-09-01,-0.37,PDO
1988-10-01,-0.1,PDO
1988-11-01,-0.02,PDO
1988-12-01,-0.43,PDO
1989-01-01,-0.95,PDO
1989-02-01,-1.02,PDO
1989-03-01,-0.83,PDO
1989-04-01,-0.32,PDO
1989-05-01,0.47,PDO
1989-06-01,0.36,PDO
1989-07-01,0.83,PDO
1989-08-01,0.09,PDO
1989-09-01,0.05,PDO
1989-10-01,-0.12,PDO
1989-11-01,-0.5,PDO
1989-12-01,-0.21,PDO
1990-01-01,-0.3,PDO
1990-02-01,-0.65,PDO
1990-03-01,-0.62,PDO
1990-04-01,0.27,PDO
1990-05-01,0.44,PDO
1990-06-01,0.44,PDO
1990-07-01,0.27,PDO
1990-08-01,0.11,PDO
1990-09-01,0.38,PDO
1990-10-01,-0.69,PDO
1990-11-01,-1.69,PDO
1990-12-01,-2.23,PDO
1991-01-01,-2.02,PDO
1991-02-01,-1.19,PDO
1991-03-01,-0.74,PDO
1991-04-01,-1.01,PDO
1991-05-01,-0.51,PDO
1991-06-01,-1.47,PDO
1991-07-01,-0.1,PDO
1991-08-01,0.36,PDO
1991-09-01,0.65,PDO
1991-10-01,0.49,PDO
1991-11-01,0.42,PDO
1991-12-01,0.09,PDO
1992-01-01,0.05,PDO
1992-02-01,0.31,PDO
1992-03-01,0.67,PDO
1992-04-01,0.75,PDO
1992-05-01,1.54,PDO
1992-06-01,1.26,PDO
1992-07-01,1.9,PDO
1992-08-01,1.44,PDO
1992-09-01,0.83,PDO
1992-10-01,0.93,PDO
1992-11-01,0.93,PDO
1992-12-01,0.53,PDO
1993-01-01,0.05,PDO
1993-02-01,0.19,PDO
1993-03-01,0.76,PDO
1993-04-01,1.21,PDO
1993-05-01,2.13,PDO
1993-06-01,2.34,PDO
1993-07-01,2.35,PDO
1993-08-01,2.69,PDO
1993-09-01,1.56,PDO
1993-10-01,1.41,PDO
1993-11-01,1.24,PDO
1993-12-01,1.07,PDO
1994-01-01,1.21,PDO
1994-02-01,0.59,PDO
1994-03-01,0.8,PDO
1994-04-01,1.05,PDO
1994-05-01,1.23,PDO
1994-06-01,0.46,PDO
1994-07-01,0.06,PDO
1994-08-01,-0.79,PDO
1994-09-01,-1.36,PDO
1994-10-01,-1.32,PDO
1994-11-01,-1.96,PDO
1994-12-01,-1.79,PDO
1995-01-01,-0.49,PDO
1995-02-01,0.46,PDO
1995-03-01,0.75,PDO
1995-04-01,0.83,PDO
1995-05-01,1.46,PDO
1995-06-01,1.27,PDO
1995-07-01,1.71,PDO
1995-08-01,0.21,PDO
1995-09-01,1.16,PDO
1995-10-01,0.47,PDO
1995-11-01,-0.28,PDO
1995-12-01,0.16,PDO
1996-01-01,0.59,PDO
1996-02-01,0.75,PDO
1996-03-01,1.01,PDO
1996-04-01,1.46,PDO
1996-05-01,2.18,PDO
1996-06-01,1.1,PDO
1996-07-01,0.77,PDO
1996-08-01,-0.14,PDO
1996-09-01,0.24,PDO
1996-10-01,-0.33,PDO
1996-11-01,0.09,PDO
1996-12-01,-0.03,PDO
1997-01-01,0.23,PDO
1997-02-01,0.28,PDO
1997-03-01,0.65,PDO
1997-04-01,1.05,PDO
1997-05-01,1.83,PDO
1997-06-01,2.76,PDO
1997-07-01,2.35,PDO
1997-08-01,2.79,PDO
1997-09-01,2.19,PDO
1997-10-01,1.61,PDO
1997-11-01,1.12,PDO
1997-12-01,0.67,PDO
1998-01-01,0.83,PDO
1998-02-01,1.56,PDO
1998-03-01,2.01,PDO
1998-04-01,1.27,PDO
1998-05-01,0.7,PDO
1998-06-01,0.4,PDO
1998-07-01,-0.04,PDO
1998-08-01,-0.22,PDO
1998-09-01,-1.21,PDO
1998-10-01,-1.39,PDO
1998-11-01,-0.52,PDO
1998-12-01,-0.44,PDO
1999-01-01,-0.32,PDO
1999-02-01,-0.66,PDO
1999-03-01,-0.33,PDO
1999-04-01,-0.41,PDO
1999-05-01,-0.68,PDO
1999-06-01,-1.3,PDO
1999-07-01,-0.66,PDO
1999-08-01,-0.96,PDO
1999-09-01,-1.53,PDO
1999-10-01,-2.23,PDO
1999-11-01,-2.05,PDO
1999-12-01,-1.63,PDO
2000-01-01,-2.0,PDO
2000-02-01,-0.83,PDO
2000-03-01,0.29,PDO
2000-04-01,0.35,PDO
2000-05-01,-0.05,PDO
2000-06-01,-0.44,PDO
2000-07-01,-0.66,PDO
2000-08-01,-1.19,PDO
2000-09-01,-1.24,PDO
2000-10-01,-1.3,PDO
2000-11-01,-0.53,PDO
2000-12-01,0.52,PDO
2001-01-01,0.6,PDO
2001-02-01,0.29,PDO
2001-03-01,0.45,PDO
2001-04-01,-0.31,PDO
2001-05-01,-0.3,PDO
2001-06-01,-0.47,PDO
2001-07-01,-1.31,PDO
2001-08-01,-0.77,PDO
2001-09-01,-1.37,PDO
2001-10-01,-1.37,PDO
2001-11-01,-1.26,PDO
2001-12-01,-0.93,PDO
2002-01-01,0.27,PDO
2002-02-01,-0.64,PDO
2002-03-01,-0.43,PDO
2002-04-01,-0.32,PDO
2002-05-01,-0.63,PDO
2002-06-01,-0.35,PDO
2002-07-01,-0.31,PDO
2002-08-01,0.6,PDO
2002-09-01,0.43,PDO
2002-10-01,0.42,PDO
2002-11-01,1.51,PDO
2002-12-01,2.1,PDO
2003-01-01,2.09,PDO
2003-02-01,1.75,PDO
2003-03-01,1.51,PDO
2003-04-01,1.18,PDO
2003-05-01,0.89,PDO
2003-06-01,0.68,PDO
2003-07-01,0.96,PDO
2003-08-01,0.88,PDO
2003-09-01,0.01,PDO
2003-10-01,0.83,PDO
2003-11-01,0.52,PDO
2003-12-01,0.33,PDO
2004-01-01,0.43,PDO
2004-02-01,0.48,PDO
2004-03-01,0.61,PDO
2004-04-01,0.57,PDO
2004-05-01,0.88,PDO
2004-06-01,0.04,PDO
2004-07-01,0.44,PDO
2004-08-01,0.85,PDO
2004-09-01,0.75,PDO
2004-10-01,-0.11,PDO
2004-11-01,-0.63,PDO
2004-12-01,-0.17,PDO
2005-01-01,0.44,PDO
2005-02-01,0.81,PDO
2005-03-01,1.36,PDO
2005-04-01,1.03,PDO
2005-05-01,1.86,PDO
2005-06-01,1.17,PDO
2005-07-01,0.66,PDO
2005-08-01,0.25,PDO
2005-09-01,-0.46,PDO
2005-10-01,-1.32,PDO
2005-11-01,-1.5,PDO
2005-12-01,0.2,PDO
2006-01-01,1.03,PDO
2006-02-01,0.66,PDO
2006-03-01,0.05,PDO
2006-04-01,0.4,PDO
2006-05-01,0.48,PDO
2006-06-01,1.04,PDO
2006-07-01,0.35,PDO
2006-08-01,-0.65,PDO
2006-09-01,-0.94,PDO
2006-10-01,-0.05,PDO
2006-11-01,-0.22,PDO
2006-12-01,0.14,PDO
2007-01-01,0.01,PDO
2007-02-01,0.04,PDO
2007-03-01,-0.36,PDO
2007-04-01,0.16,PDO
2007-05-01,-0.1,PDO
2007-06-01,0.09,PDO
2007-07-01,0.78,PDO
2007-08-01,0.5,PDO
2007-09-01,-0.36,PDO
2007-10-01,-1.45,PDO
2007-11-01,-1.08,PDO
2007-12-01,-0.58,PDO
2008-01-01,-1.0,PDO
2008-02-01,-0.77,PDO
2008-03-01,-0.71,PDO
2008-04-01,-1.52,PDO
2008-05-01,-1.37,PDO
2008-06-01,-1.34,PDO
2008-07-01,-1.67,PDO
2008-08-01,-1.7,PDO
2008-09-01,-1.55,PDO
2008-10-01,-1.76,PDO
2008-11-01,-1.25,PDO
2008-12-01,-0.87,PDO
2009-01-01,-1.4,PDO
2009-02-01,-1.55,PDO
2009-03-01,-1.59,PDO
2009-04-01,-1.65,PDO
2009-05-01,-0.88,PDO
2009-06-01,-0.31,PDO
2009-07-01,-0.53,PDO
2009-08-01,0.09,PDO
2009-09-01,0.52,PDO
2009-10-01,0.27,PDO
2009-11-01,-0.4,PDO
2009-12-01,0.08,PDO
2010-01-01,0.83,PDO
2010-02-01,0.82,PDO
2010-03-01,0.44,PDO
2010-04-01,0.78,PDO
2010-05-01,0.62,PDO
2010-06-01,-0.22,PDO
2010-07-01,-1.05,PDO
2010-08-01,-1.27,PDO
2010-09-01,-1.61,PDO
2010-10-01,-1.06,PDO
2010-11-01,-0.82,PDO
2010-12-01,-1.21,PDO
2011-01-01,-0.92,PDO
2011-02-01,-0.83,PDO
2011-03-01,-0.69,PDO
2011-04-01,-0.42,PDO
2011-05-01,-0.37,PDO
2011-06-01,-0.69,PDO
2011-07-01,-1.86,PDO
2011-08-01,-1.74,PDO
2011-09-01,-1.79,PDO
2011-10-01,-1.34,PDO
2011-11-01,-2.33,PDO
2011-12-01,-1.79,PDO
2012-01-01,-1.38,PDO
2012-02-01,-0.85,PDO
2012-03-01,-1.05,PDO
2012-04-01,-0.27,PDO
2012-05-01,-1.26,PDO
2012-06-01,-0.87,PDO
2012-07-01,-1.52,PDO
2012-08-01,-1.93,PDO
2012-09-01,-2.21,PDO
2012-10-01,-0.79,PDO
2012-11-01,-0.59,PDO
2012-12-01,-0.48,PDO
2013-01-01,-0.13,PDO
2013-02-01,-0.43,PDO
2013-03-01,-0.63,PDO
2013-04-01,-0.16,PDO
2013-05-01,0.08,PDO
2013-06-01,-0.78,PDO
2013-07-01,-1.25,PDO
2013-08-01,-1.04,PDO
2013-09-01,-0.48,PDO
2013-10-01,-0.87,PDO
2013-11-01,-0.11,PDO
2013-12-01,-0.41,PDO
2014-01-01,0.3,PDO
2014-02-01,0.38,PDO
2014-03-01,0.97,PDO
2014-04-01,1.13,PDO
2014-05-01,1.8,PDO
2014-06-01,0.82,PDO
2014-07-01,0.7,PDO
2014-08-01,0.67,PDO
2014-09-01,1.08,PDO
2014-10-01,1.49,PDO
2014-11-01,1.72,PDO
2014-12-01,2.51,PDO
2015-01-01,2.45,PDO
2015-02-01,2.3,PDO
2015-03-01,2.0,PDO
2015-04-01,1.44,PDO
2015-05-01,1.2,PDO
2015-06-01,1.54,PDO
2015-07-01,1.84,PDO
2015-08-01,1.56,PDO
2015-09-01,1.94,PDO
2015-10-01,1.47,PDO
2015-11-01,0.86,PDO
2015-12-01,1.01,PDO
2016-01-01,1.53,PDO
2016-02-01,1.75,PDO
2016-03-01,2.4,PDO
2016-04-01,2.62,PDO
2016-05-01,2.35,PDO
2016-06-01,2.03,PDO
2016-07-01,1.25,PDO
2016-08-01,0.52,PDO
2016-09-01,0.45,PDO
2016-10-01,0.56,PDO
2016-11-01,1.88,PDO
2016-12-01,1.17,PDO
2017-01-01,0.77,PDO
2017-02-01,0.7,PDO
2017-03-01,0.74,PDO
2017-04-01,1.12,PDO
2017-05-01,0.88,PDO
2017-06-01,0.79,PDO
2017-07-01,0.1,PDO
2017-08-01,0.09,PDO
2017-09-01,0.32,PDO
2017-10-01,0.05,PDO
2017-11-01,0.15,PDO
2017-12-01,0.5,PDO
2018-01-01,0.7,PDO
2018-02-01,0.37,PDO
2018-03-01,-0.05,PDO
2018-04-01,0.11,PDO
2018-05-01,0.11,PDO
2018-06-01,-0.04,PDO
2018-07-01,0.11,PDO
2018-08-01,0.18,PDO
2018-09-01,0.09,PDO
2018-10-01,0.26,PDO
2018-11-01,-0.05,PDO
2018-12-01,0.52,PDO
2019-01-01,0.66,PDO
2019-02-01,0.46,PDO
2019-03-01,0.37,PDO
2019-04-01,1.07,PDO
2019-05-01,1.03,PDO
2019-06-01,1.09,PDO
2019-07-01,1.03,PDO
2019-08-01,0.38,PDO
2019-09-01,0.41,PDO
2019-10-01,-0.45,PDO
2019-11-01,0.15,PDO
2019-12-01,0.97,PDO
2020-01-01,-0.23,PDO
2020-02-01,-0.68,PDO
2020-03-01,-0.82,PDO
2020-04-01,-0.57,PDO
2020-05-01,0.09,PDO
2020-06-01,-0.08,PDO
2020-07-01,-0.38,PDO
2020-08-01,-0.28,PDO
2020-09-01,-0.7,PDO
2020-10-01,-0.69,PDO
2020-11-01,-1.12,PDO
2020-12-01,-0.9,PDO
2021-01-01,-0.16,PDO
2021-02-01,-0.54,PDO
2021-03-01,-1.17,PDO
2021-04-01,-0.91,PDO
2021-05-01,-0.94,PDO
2021-06-01,-1.18,PDO
2021-07-01,-1.87,PDO
2021-08-01,-1.12,PDO
2021-09-01,-1.53,PDO
2021-10-01,-2.55,PDO
2021-11-01,-2.52,PDO
2021-12-01,-2.0,PDO
2022-01-01,-1.24,PDO
2022-02-01,-1.08,PDO
2022-03-01,-1.0,PDO
2022-04-01,-1.51,PDO
2022-05-01,-1.92,PDO
2022-06-01,-1.21,PDO
2022-07-01,-2.86,PDO
2022-08-01,-1.92,PDO
2022-09-01,-1.82,PDO
2022-10-01,-1.51,PDO
2022-11-01,-2.12,PDO
2022-12-01,-1.98,PDO
2023-01-01,-0.92,PDO
2023-02-01,-1.09,PDO
2023-03-01,-1.63,PDO
2023-04-01,-2.18,PDO
2023-05-01,-1.69,PDO
2023-06-01,-1.89,PDO
2023-07-01,-1.85,PDO
2023-08-01,-1.68,PDO
2023-09-01,-2.14,PDO
2023-10-01,-1.61,PDO
2023-11-01,-1.31,PDO
2023-12-01,-1.24,PDO
2024-01-01,-0.85,PDO
2024-02-01,-0.43,PDO
2024-03-01,-0.56,PDO
2024-04-01,-1.06,PDO
2024-05-01,-2.15,PDO
2024-06-01,-2.41,PDO
2024-07-01,-1.97,PDO
2024-08-01,-1.88,PDO
2024-09-01,-2.64,PDO
2024-10-01,-2.92,PDO
2024-11-01,-2.41,PDO
2024-12-01,-1.61,PDO
2025-01-01,-0.78,PDO
2025-02-01,-0.82,PDO
2025-03-01,-0.41,PDO
2025-04-01,-0.57,PDO
2025-05-01,-1.14,PDO
2025-06-01,-2.32,PDO
2025-07-01,-3.51,PDO
2025-08-01,-2.71,PDO
1950-01-01,0.56,NAO
1950-02-01,0.01,NAO
1950-03-01,-0.78,NAO
1950-04-01,0.65,NAO
1950-05-01,-0.5,NAO
1950-06-01,0.25,NAO
1950-07-01,-1.23,NAO
1950-08-01,-0.19,NAO
1950-09-01,0.39,NAO
1950-10-01,1.43,NAO
1950-11-01,-1.46,NAO
1950-12-01,-1.03,NAO
1951-01-01,-0.42,NAO
1951-02-01,0.35,NAO
1951-03-01,-1.47,NAO
1951-04-01,-0.38,NAO
1951-05-01,-0.5,NAO
1951-06-01,-1.35,NAO
1951-07-01,1.39,NAO
1951-08-01,-0.41,NAO
1951-09-01,-1.18,NAO
1951-10-01,2.54,NAO
1951-11-01,-0.54,NAO
1951-12-01,1.13,NAO
1952-01-01,0.57,NAO
1952-02-01,-1.38,NAO
1952-03-01,-1.97,NAO
1952-04-01,0.95,NAO
1952-05-01,-0.99,NAO
1952-06-01,-0.1,NAO
1952-07-01,-0.06,NAO
1952-08-01,-0.49,NAO
1952-09-01,-0.38,NAO
1952-10-01,-0.28,NAO
1952-11-01,-1.32,NAO
1952-12-01,-0.49,NAO
1953-01-01,-0.12,NAO
1953-02-01,-1.0,NAO
1953-03-01,-0.45,NAO
1953-04-01,-1.96,NAO
1953-05-01,-0.56,NAO
1953-06-01,1.41,NAO
1953-07-01,0.43,NAO
1953-08-01,-1.04,NAO
1953-09-01,-0.19,NAO
1953-10-01,1.95,NAO
1953-11-01,0.96,NAO
1953-12-01,-0.52,NAO
1954-01-01,-0.08,NAO
1954-02-01,0.4,NAO
1954-03-01,-1.27,NAO
1954-04-01,1.31,NAO
1954-05-01,-0.03,NAO
1954-06-01,0.06,NAO
1954-07-01,-0.57,NAO
1954-08-01,-2.57,NAO
1954-09-01,-0.28,NAO
1954-10-01,1.16,NAO
1954-11-01,0.29,NAO
1954-12-01,0.55,NAO
1955-01-01,-2.65,NAO
1955-02-01,-1.71,NAO
1955-03-01,-0.96,NAO
1955-04-01,-0.6,NAO
1955-05-01,-0.26,NAO
1955-06-01,-0.8,NAO
1955-07-01,1.78,NAO
1955-08-01,1.25,NAO
1955-09-01,0.46,NAO
1955-10-01,-1.09,NAO
1955-11-01,-1.49,NAO
1955-12-01,0.07,NAO
1956-01-01,-0.76,NAO
1956-02-01,-1.71,NAO
1956-03-01,-0.46,NAO
1956-04-01,-1.3,NAO
1956-05-01,2.1,NAO
1956-06-01,0.41,NAO
1956-07-01,-0.72,NAO
1956-08-01,-1.89,NAO
1956-09-01,0.38,NAO
1956-10-01,1.47,NAO
1956-11-01,0.4,NAO
1956-12-01,0.0,NAO
1957-01-01,0.71,NAO
1957-02-01,-0.32,NAO
1957-03-01,-1.73,NAO
1957-04-01,0.39,NAO
1957-05-01,-0.68,NAO
1957-06-01,-0.42,NAO
1957-07-01,-1.16,NAO
1957-08-01,-0.83,NAO
1957-09-01,-1.47,NAO
1957-10-01,1.95,NAO
1957-11-01,0.63,NAO
1957-12-01,0.02,NAO
1958-01-01,-1.14,NAO
1958-02-01,-1.64,NAO
1958-03-01,-2.46,NAO
1958-04-01,0.26,NAO
1958-05-01,-0.17,NAO
1958-06-01,-1.08,NAO
1958-07-01,-1.69,NAO
1958-08-01,-2.13,NAO
1958-09-01,0.08,NAO
1958-10-01,0.68,NAO
1958-11-01,1.59,NAO
1958-12-01,-0.74,NAO
1959-01-01,-1.52,NAO
1959-02-01,0.33,NAO
1959-03-01,-0.56,NAO
1959-04-01,0.25,NAO
1959-05-01,0.41,NAO
1959-06-01,0.71,NAO
1959-07-01,0.77,NAO
1959-08-01,-0.05,NAO
1959-09-01,1.0,NAO
1959-10-01,1.48,NAO
1959-11-01,0.3,NAO
1959-12-01,0.32,NAO
1960-01-01,-2.01,NAO
1960-02-01,-2.59,NAO
1960-03-01,-0.93,NAO
1960-04-01,1.33,NAO
1960-05-01,0.47,NAO
1960-06-01,0.1,NAO
1960-07-01,0.38,NAO
1960-08-01,-1.93,NAO
1960-09-01,0.53,NAO
1960-10-01,-1.37,NAO
1960-11-01,-0.67,NAO
1960-12-01,-0.03,NAO
1961-01-01,-0.03,NAO
1961-02-01,0.07,NAO
1961-03-01,0.17,NAO
1961-04-01,-1.83,NAO
1961-05-01,-0.28,NAO
1961-06-01,1.17,NAO
1961-07-01,-0.36,NAO
1961-08-01,1.03,NAO
1961-09-01,1.36,NAO
1961-10-01,1.07,NAO
1961-11-01,-0.79,NAO
1961-12-01,-1.46,NAO
1962-01-01,0.2,NAO
1962-02-01,0.18,NAO
1962-03-01,-2.99,NAO
1962-04-01,0.93,NAO
1962-05-01,-0.04,NAO
1962-06-01,0.47,NAO
1962-07-01,-2.43,NAO
1962-08-01,0.05,NAO
1962-09-01,-0.21,NAO
1962-10-01,0.96,NAO
1962-11-01,-0.38,NAO
1962-12-01,-1.31,NAO
1963-01-01,-2.98,NAO
1963-02-01,-1.53,NAO
1963-03-01,-0.85,NAO
1963-04-01,-1.61,NAO
1963-05-01,2.05,NAO
1963-06-01,-0.13,NAO
1963-07-01,-0.74,NAO
1963-08-01,-0.95,NAO
1963-09-01,1.89,NAO
1963-10-01,1.53,NAO
1963-11-01,-1.47,NAO
1963-12-01,-1.87,NAO
1964-01-01,-1.62,NAO
1964-02-01,-2.06,NAO
1964-03-01,-1.66,NAO
1964-04-01,0.25,NAO
1964-05-01,0.53,NAO
1964-06-01,1.61,NAO
1964-07-01,1.92,NAO
1964-08-01,-2.4,NAO
1964-09-01,0.34,NAO
1964-10-01,1.32,NAO
1964-11-01,-0.14,NAO
1964-12-01,-0.23,NAO
1965-01-01,-0.65,NAO
1965-02-01,-2.2,NAO
1965-03-01,-1.99,NAO
1965-04-01,0.64,NAO
1965-05-01,-0.52,NAO
1965-06-01,0.6,NAO
1965-07-01,0.35,NAO
1965-08-01,0.45,NAO
1965-09-01,0.51,NAO
1965-10-01,0.92,NAO
1965-11-01,-1.88,NAO
1965-12-01,1.18,NAO
1966-01-01,-2.54,NAO
1966-02-01,-2.02,NAO
1966-03-01,0.18,NAO
1966-04-01,-0.96,NAO
1966-05-01,0.25,NAO
1966-06-01,1.37,NAO
1966-07-01,0.35,NAO
1966-08-01,-2.39,NAO
1966-09-01,-0.29,NAO
1966-10-01,-0.23,NAO
1966-11-01,-0.18,NAO
1966-12-01,0.58,NAO
1967-01-01,-1.55,NAO
1967-02-01,-0.23,NAO
1967-03-01,1.18,NAO
1967-04-01,0.05,NAO
1967-05-01,-0.87,NAO
1967-06-01,1.72,NAO
1967-07-01,0.44,NAO
1967-08-01,1.73,NAO
1967-09-01,1.05,NAO
1967-10-01,0.59,NAO
1967-11-01,0.5,NAO
1967-12-01,-0.51,NAO
1968-01-01,-0.36,NAO
1968-02-01,-1.91,NAO
1968-03-01,0.02,NAO
1968-04-01,-1.32,NAO
1968-05-01,-1.58,NAO
1968-06-01,0.64,NAO
1968-07-01,-0.77,NAO
1968-08-01,-0.97,NAO
1968-09-01,-1.73,NAO
1968-10-01,-1.99,NAO
1968-11-01,-1.11,NAO
1968-12-01,-1.39,NAO
1969-01-01,-1.48,NAO
1969-02-01,-2.2,NAO
1969-03-01,-2.04,NAO
1969-04-01,1.52,NAO
1969-05-01,0.56,NAO
1969-06-01,0.86,NAO
1969-07-01,0.6,NAO
1969-08-01,-1.99,NAO
1969-09-01,2.17,NAO
1969-10-01,1.23,NAO
1969-11-01,-1.14,NAO
1969-12-01,-0.35,NAO
1970-01-01,-2.26,NAO
1970-02-01,0.28,NAO
1970-03-01,-1.41,NAO
1970-04-01,-1.56,NAO
1970-05-01,1.11,NAO
1970-06-01,1.87,NAO
1970-07-01,0.13,NAO
1970-08-01,0.0,NAO
1970-09-01,0.06,NAO
1970-10-01,-0.49,NAO
1970-11-01,-0.76,NAO
1970-12-01,-1.2,NAO
1971-01-01,-1.82,NAO
1971-02-01,-0.17,NAO
1971-03-01,-1.28,NAO
1971-04-01,-0.41,NAO
1971-05-01,0.51,NAO
1971-06-01,-1.28,NAO
1971-07-01,0.27,NAO
1971-08-01,1.87,NAO
1971-09-01,0.53,NAO
1971-10-01,1.14,NAO
1971-11-01,-0.34,NAO
1971-12-01,0.47,NAO
1972-01-01,-0.19,NAO
1972-02-01,-0.08,NAO
1972-03-01,0.35,NAO
1972-04-01,-0.38,NAO
1972-05-01,0.93,NAO
1972-06-01,1.19,NAO
1972-07-01,0.21,NAO
1972-08-01,1.57,NAO
1972-09-01,0.03,NAO
1972-10-01,1.7,NAO
1972-11-01,0.43,NAO
1972-12-01,0.09,NAO
1973-01-01,-0.46,NAO
1973-02-01,0.52,NAO
1973-03-01,-0.09,NAO
1973-04-01,-0.73,NAO
1973-05-01,-0.36,NAO
1973-06-01,0.7,NAO
1973-07-01,0.6,NAO
1973-08-01,-0.2,NAO
1973-09-01,-0.15,NAO
1973-10-01,-0.84,NAO
1973-11-01,-1.11,NAO
1973-12-01,0.21,NAO
1974-01-01,1.05,NAO
1974-02-01,-0.6,NAO
1974-03-01,-0.43,NAO
1974-04-01,0.41,NAO
1974-05-01,-0.17,NAO
1974-06-01,0.17,NAO
1974-07-01,-0.73,NAO
1974-08-01,-0.95,NAO
1974-09-01,0.95,NAO
1974-10-01,1.04,NAO
1974-11-01,-0.7,NAO
1974-12-01,1.3,NAO
1975-01-01,0.17,NAO
1975-02-01,-1.15,NAO
1975-03-01,-1.04,NAO
1975-04-01,-1.89,NAO
1975-05-01,-0.43,NAO
1975-06-01,-0.54,NAO
1975-07-01,1.57,NAO
1975-08-01,-0.46,NAO
1975-09-01,1.67,NAO
1975-10-01,-0.08,NAO
1975-11-01,0.3,NAO
1975-12-01,-0.09,NAO
1976-01-01,-0.8,NAO
1976-02-01,0.61,NAO
1976-03-01,0.38,NAO
1976-04-01,0.14,NAO
1976-05-01,0.94,NAO
1976-06-01,1.11,NAO
1976-07-01,-0.29,NAO
1976-08-01,2.34,NAO
1976-09-01,-1.11,NAO
1976-10-01,0.42,NAO
1976-11-01,0.04,NAO
1976-12-01,-1.57,NAO
1977-01-01,-1.72,NAO
1977-02-01,-1.0,NAO
1977-03-01,-1.25,NAO
1977-04-01,0.56,NAO
1977-05-01,-0.75,NAO
1977-06-01,-0.27,NAO
1977-07-01,-0.42,NAO
1977-08-01,-0.49,NAO
1977-09-01,0.51,NAO
1977-10-01,1.08,NAO
1977-11-01,-0.21,NAO
1977-12-01,-1.02,NAO
1978-01-01,0.26,NAO
1978-02-01,-2.94,NAO
1978-03-01,0.33,NAO
1978-04-01,-1.42,NAO
1978-05-01,1.05,NAO
1978-06-01,1.7,NAO
1978-07-01,-1.11,NAO
1978-08-01,0.7,NAO
1978-09-01,0.6,NAO
1978-10-01,2.61,NAO
1978-11-01,3.06,NAO
1978-12-01,-1.54,NAO
1979-01-01,-2.12,NAO
1979-02-01,-1.2,NAO
1979-03-01,0.41,NAO
1979-04-01,-2.01,NAO
1979-05-01,-0.9,NAO
1979-06-01,1.92,NAO
1979-07-01,0.86,NAO
1979-08-01,1.11,NAO
1979-09-01,1.13,NAO
1979-10-01,0.18,NAO
1979-11-01,0.42,NAO
1979-12-01,0.84,NAO
1980-01-01,-1.38,NAO
1980-02-01,-0.39,NAO
1980-03-01,-0.73,NAO
1980-04-01,1.26,NAO
1980-05-01,-1.34,NAO
1980-06-01,-0.07,NAO
1980-07-01,-0.39,NAO
1980-08-01,-3.01,NAO
1980-09-01,0.79,NAO
1980-10-01,-1.41,NAO
1980-11-01,-0.52,NAO
1980-12-01,0.63,NAO
1981-01-01,-0.08,NAO
1981-02-01,0.6,NAO
1981-03-01,-1.65,NAO
1981-04-01,0.25,NAO
1981-05-01,0.24,NAO
1981-06-01,-0.15,NAO
1981-07-01,0.08,NAO
1981-08-01,0.38,NAO
1981-09-01,-1.27,NAO
1981-10-01,-0.96,NAO
1981-11-01,-0.53,NAO
1981-12-01,-0.11,NAO
1982-01-01,-1.55,NAO
1982-02-01,0.86,NAO
1982-03-01,0.8,NAO
1982-04-01,-0.04,NAO
1982-05-01,-0.44,NAO
1982-06-01,-1.34,NAO
1982-07-01,1.18,NAO
1982-08-01,0.21,NAO
1982-09-01,1.86,NAO
1982-10-01,-0.29,NAO
1982-11-01,1.55,NAO
1982-12-01,1.56,NAO
1983-01-01,1.34,NAO
1983-02-01,-1.04,NAO
1983-03-01,0.59,NAO
1983-04-01,-1.07,NAO
1983-05-01,-0.01,NAO
1983-06-01,1.31,NAO
1983-07-01,1.22,NAO
1983-08-01,1.95,NAO
1983-09-01,-0.95,NAO
1983-10-01,1.22,NAO
1983-11-01,-1.16,NAO
1983-12-01,0.18,NAO
1984-01-01,1.42,NAO
1984-02-01,0.37,NAO
1984-03-01,-0.79,NAO
1984-04-01,-0.45,NAO
1984-05-01,0.55,NAO
1984-06-01,-0.12,NAO
1984-07-01,-0.04,NAO
1984-08-01,1.35,NAO
1984-09-01,0.31,NAO
1984-10-01,0.43,NAO
1984-11-01,-0.2,NAO
1984-12-01,-0.09,NAO
1985-01-01,-2.38,NAO
1985-02-01,-1.0,NAO
1985-03-01,-0.19,NAO
1985-04-01,0.2,NAO
1985-05-01,-0.4,NAO
1985-06-01,-0.5,NAO
1985-07-01,1.25,NAO
1985-08-01,-0.74,NAO
1985-09-01,-0.36,NAO
1985-10-01,1.49,NAO
1985-11-01,-0.84,NAO
1985-12-01,0.11,NAO
1986-01-01,0.78,NAO
1986-02-01,-1.58,NAO
1986-03-01,1.39,NAO
1986-04-01,-0.79,NAO
1986-05-01,0.84,NAO
1986-06-01,1.54,NAO
1986-07-01,0.15,NAO
1986-08-01,-1.53,NAO
1986-09-01,-0.95,NAO
1986-10-01,2.2,NAO
1986-11-01,2.27,NAO
1986-12-01,0.83,NAO
1987-01-01,-1.85,NAO
1987-02-01,-1.27,NAO
1987-03-01,-0.26,NAO
1987-04-01,2.03,NAO
1987-05-01,0.96,NAO
1987-06-01,-1.53,NAO
1987-07-01,0.55,NAO
1987-08-01,-1.19,NAO
1987-09-01,-1.04,NAO
1987-10-01,0.66,NAO
1987-11-01,0.06,NAO
1987-12-01,0.21,NAO
1988-01-01,0.68,NAO
1988-02-01,0.42,NAO
1988-03-01,-0.58,NAO
1988-04-01,-1.42,NAO
1988-05-01,0.64,NAO
1988-06-01,1.19,NAO
1988-07-01,-0.32,NAO
1988-08-01,-0.07,NAO
1988-09-01,-0.82,NAO
1988-10-01,-0.66,NAO
1988-11-01,-0.49,NAO
1988-12-01,0.48,NAO
1989-01-01,0.85,NAO
1989-02-01,1.82,NAO
1989-03-01,1.54,NAO
1989-04-01,0.16,NAO
1989-05-01,1.33,NAO
1989-06-01,0.03,NAO
1989-07-01,1.0,NAO
1989-08-01,-0.11,NAO
1989-09-01,2.15,NAO
1989-10-01,0.48,NAO
1989-11-01,0.03,NAO
1989-12-01,-1.15,NAO
1990-01-01,0.7,NAO
1990-02-01,1.16,NAO
1990-03-01,1.13,NAO
1990-04-01,2.03,NAO
1990-05-01,-1.37,NAO
1990-06-01,0.29,NAO
1990-07-01,0.56,NAO
1990-08-01,1.12,NAO
1990-09-01,1.18,NAO
1990-10-01,0.76,NAO
1990-11-01,-0.39,NAO
1990-12-01,0.11,NAO
1991-01-01,0.49,NAO
1991-02-01,0.74,NAO
1991-03-01,-0.61,NAO
1991-04-01,0.17,NAO
1991-05-01,0.12,NAO
1991-06-01,-0.52,NAO
1991-07-01,-0.46,NAO
1991-08-01,1.46,NAO
1991-09-01,0.61,NAO
1991-10-01,0.3,NAO
1991-11-01,0.37,NAO
1991-12-01,0.34,NAO
1992-01-01,-0.66,NAO
1992-02-01,0.77,NAO
1992-03-01,0.51,NAO
1992-04-01,1.88,NAO
1992-05-01,2.49,NAO
1992-06-01,0.51,NAO
1992-07-01,0.19,NAO
1992-08-01,0.97,NAO
1992-09-01,-0.28,NAO
1992-10-01,-1.4,NAO
1992-11-01,1.12,NAO
1992-12-01,0.35,NAO
1993-01-01,1.35,NAO
1993-02-01,0.12,NAO
1993-03-01,0.3,NAO
1993-04-01,0.91,NAO
1993-05-01,-0.67,NAO
1993-06-01,-0.29,NAO
1993-07-01,-3.14,NAO
1993-08-01,0.03,NAO
1993-09-01,-0.41,NAO
1993-10-01,-0.26,NAO
1993-11-01,2.56,NAO
1993-12-01,1.36,NAO
1994-01-01,0.7,NAO
1994-02-01,0.08,NAO
1994-03-01,0.92,NAO
1994-04-01,1.1,NAO
1994-05-01,-0.48,NAO
1994-06-01,1.84,NAO
1994-07-01,1.34,NAO
1994-08-01,0.36,NAO
1994-09-01,-1.14,NAO
1994-10-01,-0.54,NAO
1994-11-01,0.54,NAO
1994-12-01,1.78,NAO
1995-01-01,0.57,NAO
1995-02-01,0.85,NAO
1995-03-01,0.91,NAO
1995-04-01,-1.07,NAO
1995-05-01,-1.33,NAO
1995-06-01,0.44,NAO
1995-07-01,-0.19,NAO
1995-08-01,0.76,NAO
1995-09-01,0.45,NAO
1995-10-01,0.72,NAO
1995-11-01,-1.59,NAO
1995-12-01,-1.64,NAO
1996-01-01,-0.65,NAO
1996-02-01,-0.52,NAO
1996-03-01,-0.66,NAO
1996-04-01,-0.33,NAO
1996-05-01,-0.93,NAO
1996-06-01,0.87,NAO
1996-07-01,0.7,NAO
1996-08-01,1.19,NAO
1996-09-01,-0.69,NAO
1996-10-01,0.15,NAO
1996-11-01,-0.72,NAO
1996-12-01,-1.4,NAO
1997-01-01,-1.08,NAO
1997-02-01,1.48,NAO
1997-03-01,1.13,NAO
1997-04-01,-1.25,NAO
1997-05-01,-0.21,NAO
1997-06-01,-1.17,NAO
1997-07-01,0.37,NAO
1997-08-01,0.94,NAO
1997-09-01,0.74,NAO
1997-10-01,-1.34,NAO
1997-11-01,-1.08,NAO
1997-12-01,-0.98,NAO
1998-01-01,-0.05,NAO
1998-02-01,-0.57,NAO
1998-03-01,0.51,NAO
1998-04-01,-0.88,NAO
1998-05-01,-1.17,NAO
1998-06-01,-2.44,NAO
1998-07-01,-0.45,NAO
1998-08-01,-0.15,NAO
1998-09-01,-1.8,NAO
1998-10-01,0.2,NAO
1998-11-01,-0.43,NAO
1998-12-01,0.72,NAO
1999-01-01,0.39,NAO
1999-02-01,-0.11,NAO
1999-03-01,-0.16,NAO
1999-04-01,-1.18,NAO
1999-05-01,0.9,NAO
1999-06-01,1.44,NAO
1999-07-01,-0.87,NAO
1999-08-01,0.38,NAO
1999-09-01,0.5,NAO
1999-10-01,0.73,NAO
1999-11-01,0.55,NAO
1999-12-01,1.4,NAO
2000-01-01,0.19,NAO
2000-02-01,1.48,NAO
2000-03-01,0.4,NAO
2000-04-01,-0.18,NAO
2000-05-01,1.52,NAO
2000-06-01,0.28,NAO
2000-07-01,-1.0,NAO
2000-08-01,-0.5,NAO
2000-09-01,-0.06,NAO
2000-10-01,1.51,NAO
2000-11-01,-1.1,NAO
2000-12-01,-0.63,NAO
2001-01-01,-0.22,NAO
2001-02-01,0.07,NAO
2001-03-01,-1.73,NAO
2001-04-01,-0.15,NAO
2001-05-01,0.03,NAO
2001-06-01,0.11,NAO
2001-07-01,-0.22,NAO
2001-08-01,-0.22,NAO
2001-09-01,-0.49,NAO
2001-10-01,0.25,NAO
2001-11-01,0.53,NAO
2001-12-01,-0.86,NAO
2002-01-01,0.0,NAO
2002-02-01,0.8,NAO
2002-03-01,0.32,NAO
2002-04-01,1.14,NAO
2002-05-01,-0.15,NAO
2002-06-01,0.69,NAO
2002-07-01,0.65,NAO
2002-08-01,0.36,NAO
2002-09-01,-0.54,NAO
2002-10-01,-1.97,NAO
2002-11-01,-0.32,NAO
2002-12-01,-0.96,NAO
2003-01-01,-0.32,NAO
2003-02-01,0.26,NAO
2003-03-01,-0.07,NAO
2003-04-01,-0.34,NAO
2003-05-01,0.06,NAO
2003-06-01,0.24,NAO
2003-07-01,0.16,NAO
2003-08-01,-0.22,NAO
2003-09-01,0.16,NAO
2003-10-01,-0.86,NAO
2003-11-01,0.77,NAO
2003-12-01,0.5,NAO
2004-01-01,-0.85,NAO
2004-02-01,-0.6,NAO
2004-03-01,0.67,NAO
2004-04-01,1.11,NAO
2004-05-01,0.23,NAO
2004-06-01,-0.59,NAO
2004-07-01,1.16,NAO
2004-08-01,-0.74,NAO
2004-09-01,0.52,NAO
2004-10-01,-0.69,NAO
2004-11-01,0.63,NAO
2004-12-01,1.03,NAO
2005-01-01,1.26,NAO
2005-02-01,-0.51,NAO
2005-03-01,-2.32,NAO
2005-04-01,-0.47,NAO
2005-05-01,-1.11,NAO
2005-06-01,0.26,NAO
2005-07-01,-0.48,NAO
2005-08-01,0.35,NAO
2005-09-01,0.76,NAO
2005-10-01,-0.55,NAO
2005-11-01,-0.46,NAO
2005-12-01,-0.5,NAO
2006-01-01,0.97,NAO
2006-02-01,-1.02,NAO
2006-03-01,-1.75,NAO
2006-04-01,1.2,NAO
2006-05-01,-1.01,NAO
2006-06-01,1.15,NAO
2006-07-01,0.93,NAO
2006-08-01,-2.35,NAO
2006-09-01,-1.43,NAO
2006-10-01,-1.92,NAO
2006-11-01,0.33,NAO
2006-12-01,1.15,NAO
2007-01-01,-0.25,NAO
2007-02-01,-0.98,NAO
2007-03-01,1.11,NAO
2007-04-01,0.04,NAO
2007-05-01,0.66,NAO
2007-06-01,-1.01,NAO
2007-07-01,-0.55,NAO
2007-08-01,-0.31,NAO
2007-09-01,0.85,NAO
2007-10-01,1.0,NAO
2007-11-01,0.48,NAO
2007-12-01,0.23,NAO
2008-01-01,0.53,NAO
2008-02-01,0.38,NAO
2008-03-01,-0.32,NAO
2008-04-01,-1.31,NAO
2008-05-01,-1.55,NAO
2008-06-01,-1.09,NAO
2008-07-01,-1.24,NAO
2008-08-01,-1.62,NAO
2008-09-01,1.14,NAO
2008-10-01,0.47,NAO
2008-11-01,-0.47,NAO
2008-12-01,-0.35,NAO
2009-01-01,-0.52,NAO
2009-02-01,-0.38,NAO
2009-03-01,0.19,NAO
2009-04-01,-0.36,NAO
2009-05-01,1.61,NAO
2009-06-01,-0.91,NAO
2009-07-01,-2.11,NAO
2009-08-01,-0.37,NAO
2009-09-01,1.62,NAO
2009-10-01,-0.61,NAO
2009-11-01,-0.16,NAO
2009-12-01,-1.88,NAO
2010-01-01,-1.8,NAO
2010-02-01,-2.69,NAO
2010-03-01,-1.33,NAO
2010-04-01,-0.93,NAO
2010-05-01,-1.33,NAO
2010-06-01,-0.52,NAO
2010-07-01,-0.39,NAO
2010-08-01,-1.69,NAO
2010-09-01,-0.62,NAO
2010-10-01,-0.5,NAO
2010-11-01,-1.84,NAO
2010-12-01,-1.8,NAO
2011-01-01,-1.53,NAO
2011-02-01,0.35,NAO
2011-03-01,0.24,NAO
2011-04-01,2.55,NAO
2011-05-01,-0.01,NAO
2011-06-01,-0.98,NAO
2011-07-01,-1.48,NAO
2011-08-01,-1.85,NAO
2011-09-01,0.67,NAO
2011-10-01,0.94,NAO
2011-11-01,1.3,NAO
2011-12-01,2.25,NAO
2012-01-01,0.86,NAO
2012-02-01,0.03,NAO
2012-03-01,0.93,NAO
2012-04-01,0.37,NAO
2012-05-01,-0.79,NAO
2012-06-01,-2.25,NAO
2012-07-01,-1.29,NAO
2012-08-01,-1.39,NAO
2012-09-01,-0.43,NAO
2012-10-01,-1.73,NAO
2012-11-01,-0.74,NAO
2012-12-01,0.07,NAO
2013-01-01,-0.11,NAO
2013-02-01,-0.96,NAO
2013-03-01,-2.09,NAO
2013-04-01,0.6,NAO
2013-05-01,0.58,NAO
2013-06-01,0.83,NAO
2013-07-01,0.7,NAO
2013-08-01,1.12,NAO
2013-09-01,0.38,NAO
2013-10-01,-0.88,NAO
2013-11-01,0.81,NAO
2013-12-01,0.79,NAO
2014-01-01,-0.17,NAO
2014-02-01,1.07,NAO
2014-03-01,0.44,NAO
2014-04-01,0.19,NAO
2014-05-01,-0.8,NAO
2014-06-01,-0.67,NAO
2014-07-01,0.21,NAO
2014-08-01,-2.28,NAO
2014-09-01,1.72,NAO
2014-10-01,-0.87,NAO
2014-11-01,0.58,NAO
2014-12-01,1.63,NAO
2015-01-01,1.57,NAO
2015-02-01,1.05,NAO
2015-03-01,1.12,NAO
2015-04-01,0.64,NAO
2015-05-01,0.19,NAO
2015-06-01,0.24,NAO
2015-07-01,-3.14,NAO
2015-08-01,-1.1,NAO
2015-09-01,-0.49,NAO
2015-10-01,0.99,NAO
2015-11-01,1.7,NAO
2015-12-01,1.99,NAO
2016-01-01,-0.37,NAO
2016-02-01,1.35,NAO
2016-03-01,0.37,NAO
2016-04-01,0.26,NAO
2016-05-01,-0.67,NAO
2016-06-01,-0.13,NAO
2016-07-01,-1.72,NAO
2016-08-01,-2.24,NAO
2016-09-01,0.74,NAO
2016-10-01,0.96,NAO
2016-11-01,-0.31,NAO
2016-12-01,0.35,NAO
2017-01-01,0.05,NAO
2017-02-01,0.69,NAO
2017-03-01,0.37,NAO
2017-04-01,1.74,NAO
2017-05-01,-1.72,NAO
2017-06-01,0.35,NAO
2017-07-01,1.28,NAO
2017-08-01,-1.53,NAO
2017-09-01,-0.45,NAO
2017-10-01,0.71,NAO
2017-11-01,-0.14,NAO
2017-12-01,0.73,NAO
2018-01-01,1.17,NAO
2018-02-01,1.34,NAO
2018-03-01,-1.38,NAO
2018-04-01,1.2,NAO
2018-05-01,2.02,NAO
2018-06-01,1.41,NAO
2018-07-01,1.42,NAO
2018-08-01,2.4,NAO
2018-09-01,1.78,NAO
2018-10-01,1.53,NAO
2018-11-01,-0.25,NAO
2018-12-01,0.48,NAO
2019-01-01,0.18,NAO
2019-02-01,-0.11,NAO
2019-03-01,0.89,NAO
2019-04-01,0.36,NAO
2019-05-01,-2.38,NAO
2019-06-01,-0.79,NAO
2019-07-01,-1.39,NAO
2019-08-01,-1.62,NAO
2019-09-01,-0.01,NAO
2019-10-01,-1.03,NAO
2019-11-01,0.16,NAO
2019-12-01,1.02,NAO
2020-01-01,1.05,NAO
2020-02-01,0.98,NAO
2020-03-01,0.66,NAO
2020-04-01,-1.26,NAO
2020-05-01,-0.33,NAO
2020-06-01,0.16,NAO
2020-07-01,-1.19,NAO
2020-08-01,0.03,NAO
2020-09-01,1.11,NAO
2020-10-01,-0.2,NAO
2020-11-01,2.54,NAO
2020-12-01,-0.37,NAO
2021-01-01,-1.8,NAO
2021-02-01,-0.29,NAO
2021-03-01,0.36,NAO
2021-04-01,-1.69,NAO
2021-05-01,-1.1,NAO
2021-06-01,1.08,NAO
2021-07-01,0.06,NAO
2021-08-01,-0.49,NAO
2021-09-01,-0.06,NAO
2021-10-01,-1.98,NAO
2021-11-01,-0.33,NAO
2021-12-01,0.18,NAO
2022-01-01,0.74,NAO
2022-02-01,1.46,NAO
2022-03-01,0.4,NAO
2022-04-01,-0.54,NAO
2022-05-01,0.71,NAO
2022-06-01,0.19,NAO
2022-07-01,-0.06,NAO
2022-08-01,1.76,NAO
2022-09-01,-1.42,NAO
2022-10-01,-0.27,NAO
2022-11-01,0.59,NAO
2022-12-01,-0.22,NAO
2023-01-01,0.95,NAO
2023-02-01,0.6,NAO
2023-03-01,-1.57,NAO
2023-04-01,-0.83,NAO
2023-05-01,0.41,NAO
2023-06-01,-0.28,NAO
2023-07-01,-2.14,NAO
2023-08-01,-1.62,NAO
2023-09-01,-0.28,NAO
2023-10-01,-1.7,NAO
2023-11-01,-0.47,NAO
2023-12-01,1.7,NAO
2024-01-01,-0.27,NAO
2024-02-01,0.79,NAO
2024-03-01,-0.63,NAO
2024-04-01,-0.99,NAO
2024-05-01,-0.36,NAO
2024-06-01,0.22,NAO
2024-07-01,1.48,NAO
2024-08-01,0.69,NAO
2024-09-01,-1.25,NAO
2024-10-01,0.1,NAO
2024-11-01,-0.38,NAO
2024-12-01,1.03,NAO
2025-01-01,-1.12,NAO
2025-02-01,1.36,NAO
2025-03-01,-0.09,NAO
2025-04-01,0.05,NAO
2025-05-01,0.5,NAO
2025-06-01,1.01,NAO
2025-07-01,0.51,NAO
2025-08-01,0.21,NAO
2025-09-01,-0.63,NAO
2025-10-01,-0.53,NAO
2025-11-01,-0.96,NAO
2025-12-01,-0.69,NAO
2026-01-01,-0.93,NAO
2026-02-01,0.33,NAO
2026-03-01,2.42,NAO
1948-01-01,-0.021,AMO
1948-02-01,-0.034,AMO
1948-03-01,0.022,AMO
1948-04-01,-0.076,AMO
1948-05-01,-0.01,AMO
1948-06-01,0.049,AMO
1948-07-01,-0.046,AMO
1948-08-01,-0.029,AMO
1948-09-01,-0.059,AMO
1948-10-01,0.001,AMO
1948-11-01,0.128,AMO
1948-12-01,0.056,AMO
1949-01-01,0.147,AMO
1949-02-01,0.154,AMO
1949-03-01,0.032,AMO
1949-04-01,0.092,AMO
1949-05-01,-0.03,AMO
1949-06-01,-0.005,AMO
1949-07-01,0.065,AMO
1949-08-01,0.096,AMO
1949-09-01,0.064,AMO
1949-10-01,0.098,AMO
1949-11-01,0.102,AMO
1949-12-01,0.112,AMO
1950-01-01,0.105,AMO
1950-02-01,-0.04,AMO
1950-03-01,-0.112,AMO
1950-04-01,-0.137,AMO
1950-05-01,-0.065,AMO
1950-06-01,-0.049,AMO
1950-07-01,-0.062,AMO
1950-08-01,0.014,AMO
1950-09-01,0.003,AMO
1950-10-01,-0.097,AMO
1950-11-01,0.073,AMO
1950-12-01,0.082,AMO
1951-01-01,0.096,AMO
1951-02-01,-0.008,AMO
1951-03-01,0.006,AMO
1951-04-01,0.162,AMO
1951-05-01,0.166,AMO
1951-06-01,0.283,AMO
1951-07-01,0.415,AMO
1951-08-01,0.297,AMO
1951-09-01,0.243,AMO
1951-10-01,0.252,AMO
1951-11-01,0.168,AMO
1951-12-01,0.168,AMO
1952-01-01,0.165,AMO
1952-02-01,0.176,AMO
1952-03-01,0.224,AMO
1952-04-01,0.184,AMO
1952-05-01,0.174,AMO
1952-06-01,0.376,AMO
1952-07-01,0.366,AMO
1952-08-01,0.397,AMO
1952-09-01,0.355,AMO
1952-10-01,0.348,AMO
1952-11-01,0.244,AMO
1952-12-01,0.334,AMO
1953-01-01,0.258,AMO
1953-02-01,0.178,AMO
1953-03-01,0.134,AMO
1953-04-01,0.306,AMO
1953-05-01,0.335,AMO
1953-06-01,0.268,AMO
1953-07-01,0.337,AMO
1953-08-01,0.251,AMO
1953-09-01,0.273,AMO
1953-10-01,0.141,AMO
1953-11-01,0.237,AMO
1953-12-01,0.251,AMO
1954-01-01,0.22,AMO
1954-02-01,0.088,AMO
1954-03-01,0.093,AMO
1954-04-01,-0.021,AMO
1954-05-01,0.062,AMO
1954-06-01,0.092,AMO
1954-07-01,-0.052,AMO
1954-08-01,-0.022,AMO
1954-09-01,-0.018,AMO
1954-10-01,-0.04,AMO
1954-11-01,-0.034,AMO
1954-12-01,-0.059,AMO
1955-01-01,0.068,AMO
1955-02-01,0.033,AMO
1955-03-01,0.034,AMO
1955-04-01,0.088,AMO
1955-05-01,0.169,AMO
1955-06-01,0.186,AMO
1955-07-01,0.261,AMO
1955-08-01,0.167,AMO
1955-09-01,0.195,AMO
1955-10-01,0.271,AMO
1955-11-01,0.378,AMO
1955-12-01,0.249,AMO
1956-01-01,0.179,AMO
1956-02-01,0.087,AMO
1956-03-01,0.006,AMO
1956-04-01,0.056,AMO
1956-05-01,-0.066,AMO
1956-06-01,-0.272,AMO
1956-07-01,-0.098,AMO
1956-08-01,-0.106,AMO
1956-09-01,-0.097,AMO
1956-10-01,-0.051,AMO
1956-11-01,-0.095,AMO
1956-12-01,0.011,AMO
1957-01-01,-0.089,AMO
1957-02-01,-0.114,AMO
1957-03-01,-0.027,AMO
1957-04-01,-0.082,AMO
1957-05-01,-0.129,AMO
1957-06-01,-0.02,AMO
1957-07-01,0.032,AMO
1957-08-01,0.194,AMO
1957-09-01,0.213,AMO
1957-10-01,0.141,AMO
1957-11-01,0.076,AMO
1957-12-01,0.071,AMO
1958-01-01,0.04,AMO
1958-02-01,0.18,AMO
1958-03-01,0.336,AMO
1958-04-01,0.338,AMO
1958-05-01,0.193,AMO
1958-06-01,0.213,AMO
1958-07-01,0.156,AMO
1958-08-01,0.152,AMO
1958-09-01,0.204,AMO
1958-10-01,0.143,AMO
1958-11-01,0.176,AMO
1958-12-01,0.211,AMO
1959-01-01,0.091,AMO
1959-02-01,0.106,AMO
1959-03-01,-0.036,AMO
1959-04-01,-0.013,AMO
1959-05-01,-0.002,AMO
1959-06-01,-0.068,AMO
1959-07-01,-0.041,AMO
1959-08-01,0.003,AMO
1959-09-01,0.116,AMO
1959-10-01,0.103,AMO
1959-11-01,0.042,AMO
1959-12-01,0.1,AMO
1960-01-01,0.167,AMO
1960-02-01,0.207,AMO
1960-03-01,0.079,AMO
1960-04-01,0.088,AMO
1960-05-01,0.293,AMO
1960-06-01,0.31,AMO
1960-07-01,0.261,AMO
1960-08-01,0.326,AMO
1960-09-01,0.201,AMO
1960-10-01,0.287,AMO
1960-11-01,0.241,AMO
1960-12-01,0.128,AMO
1961-01-01,0.051,AMO
1961-02-01,0.071,AMO
1961-03-01,0.139,AMO
1961-04-01,0.217,AMO
1961-05-01,0.184,AMO
1961-06-01,0.023,AMO
1961-07-01,-0.029,AMO
1961-08-01,0.026,AMO
1961-09-01,-0.007,AMO
1961-10-01,0.019,AMO
1961-11-01,0.057,AMO
1961-12-01,0.203,AMO
1962-01-01,0.139,AMO
1962-02-01,0.142,AMO
1962-03-01,0.155,AMO
1962-04-01,0.077,AMO
1962-05-01,0.013,AMO
1962-06-01,-0.081,AMO
1962-07-01,-0.018,AMO
1962-08-01,-0.073,AMO
1962-09-01,-0.006,AMO
1962-10-01,0.055,AMO
1962-11-01,0.036,AMO
1962-12-01,0.18,AMO
1963-01-01,0.147,AMO
1963-02-01,0.155,AMO
1963-03-01,0.123,AMO
1963-04-01,0.093,AMO
1963-05-01,-0.095,AMO
1963-06-01,-0.058,AMO
1963-07-01,-0.046,AMO
1963-08-01,-0.084,AMO
1963-09-01,-0.213,AMO
1963-10-01,-0.082,AMO
1963-11-01,-0.068,AMO
1963-12-01,-0.071,AMO
1964-01-01,-0.086,AMO
1964-02-01,0.01,AMO
1964-03-01,0.028,AMO
1964-04-01,-0.157,AMO
1964-05-01,0.03,AMO
1964-06-01,-0.007,AMO
1964-07-01,-0.155,AMO
1964-08-01,-0.245,AMO
1964-09-01,-0.231,AMO
1964-10-01,-0.282,AMO
1964-11-01,-0.177,AMO
1964-12-01,-0.132,AMO
1965-01-01,-0.21,AMO
1965-02-01,-0.188,AMO
1965-03-01,-0.089,AMO
1965-04-01,-0.108,AMO
1965-05-01,-0.11,AMO
1965-06-01,-0.138,AMO
1965-07-01,-0.199,AMO
1965-08-01,-0.221,AMO
1965-09-01,-0.233,AMO
1965-10-01,-0.259,AMO
1965-11-01,-0.288,AMO
1965-12-01,-0.135,AMO
1966-01-01,-0.087,AMO
1966-02-01,-0.001,AMO
1966-03-01,-0.021,AMO
1966-04-01,0.032,AMO
1966-05-01,-0.01,AMO
1966-06-01,-0.057,AMO
1966-07-01,-0.067,AMO
1966-08-01,-0.055,AMO
1966-09-01,-0.012,AMO
1966-10-01,0.002,AMO
1966-11-01,-0.009,AMO
1966-12-01,0.068,AMO
1967-01-01,0.07,AMO
1967-02-01,0.076,AMO
1967-03-01,-0.046,AMO
1967-04-01,-0.027,AMO
1967-05-01,-0.199,AMO
1967-06-01,-0.273,AMO
1967-07-01,-0.242,AMO
1967-08-01,-0.177,AMO
1967-09-01,-0.109,AMO
1967-10-01,-0.112,AMO
1967-11-01,-0.246,AMO
1967-12-01,-0.165,AMO
1968-01-01,-0.259,AMO
1968-02-01,-0.21,AMO
1968-03-01,-0.221,AMO
1968-04-01,-0.168,AMO
1968-05-01,-0.136,AMO
1968-06-01,-0.275,AMO
1968-07-01,-0.242,AMO
1968-08-01,-0.226,AMO
1968-09-01,-0.162,AMO
1968-10-01,-0.126,AMO
1968-11-01,-0.12,AMO
1968-12-01,-0.139,AMO
1969-01-01,-0.075,AMO
1969-02-01,0.092,AMO
1969-03-01,0.194,AMO
1969-04-01,0.136,AMO
1969-05-01,-0.002,AMO
1969-06-01,0.016,AMO
1969-07-01,0.081,AMO
1969-08-01,-0.114,AMO
1969-09-01,-0.12,AMO
1969-10-01,-0.198,AMO
1969-11-01,-0.137,AMO
1969-12-01,-0.044,AMO
1970-01-01,-0.023,AMO
1970-02-01,-0.061,AMO
1970-03-01,0.006,AMO
1970-04-01,0.007,AMO
1970-05-01,-0.059,AMO
1970-06-01,-0.195,AMO
1970-07-01,-0.213,AMO
1970-08-01,-0.153,AMO
1970-09-01,-0.151,AMO
1970-10-01,-0.209,AMO
1970-11-01,-0.253,AMO
1970-12-01,-0.222,AMO
1971-01-01,-0.259,AMO
1971-02-01,-0.305,AMO
1971-03-01,-0.323,AMO
1971-04-01,-0.426,AMO
1971-05-01,-0.339,AMO
1971-06-01,-0.376,AMO
1971-07-01,-0.362,AMO
1971-08-01,-0.448,AMO
1971-09-01,-0.379,AMO
1971-10-01,-0.248,AMO
1971-11-01,-0.256,AMO
1971-12-01,-0.321,AMO
1972-01-01,-0.331,AMO
1972-02-01,-0.393,AMO
1972-03-01,-0.452,AMO
1972-04-01,-0.339,AMO
1972-05-01,-0.482,AMO
1972-06-01,-0.501,AMO
1972-07-01,-0.388,AMO
1972-08-01,-0.396,AMO
1972-09-01,-0.316,AMO
1972-10-01,-0.299,AMO
1972-11-01,-0.29,AMO
1972-12-01,-0.364,AMO
1973-01-01,-0.387,AMO
1973-02-01,-0.406,AMO
1973-03-01,-0.357,AMO
1973-04-01,-0.277,AMO
1973-05-01,-0.182,AMO
1973-06-01,-0.188,AMO
1973-07-01,-0.117,AMO
1973-08-01,-0.146,AMO
1973-09-01,-0.144,AMO
1973-10-01,-0.229,AMO
1973-11-01,-0.222,AMO
1973-12-01,-0.251,AMO
1974-01-01,-0.289,AMO
1974-02-01,-0.296,AMO
1974-03-01,-0.414,AMO
1974-04-01,-0.536,AMO
1974-05-01,-0.513,AMO
1974-06-01,-0.46,AMO
1974-07-01,-0.528,AMO
1974-08-01,-0.481,AMO
1974-09-01,-0.519,AMO
1974-10-01,-0.521,AMO
1974-11-01,-0.439,AMO
1974-12-01,-0.374,AMO
1975-01-01,-0.286,AMO
1975-02-01,-0.351,AMO
1975-03-01,-0.322,AMO
1975-04-01,-0.358,AMO
1975-05-01,-0.401,AMO
1975-06-01,-0.308,AMO
1975-07-01,-0.285,AMO
1975-08-01,-0.198,AMO
1975-09-01,-0.349,AMO
1975-10-01,-0.367,AMO
1975-11-01,-0.354,AMO
1975-12-01,-0.335,AMO
1976-01-01,-0.398,AMO
1976-02-01,-0.454,AMO
1976-03-01,-0.507,AMO
1976-04-01,-0.439,AMO
1976-05-01,-0.501,AMO
1976-06-01,-0.497,AMO
1976-07-01,-0.32,AMO
1976-08-01,-0.198,AMO
1976-09-01,-0.206,AMO
1976-10-01,-0.306,AMO
1976-11-01,-0.429,AMO
1976-12-01,-0.445,AMO
1977-01-01,-0.402,AMO
1977-02-01,-0.346,AMO
1977-03-01,-0.196,AMO
1977-04-01,-0.23,AMO
1977-05-01,-0.183,AMO
1977-06-01,-0.12,AMO
1977-07-01,-0.119,AMO
1977-08-01,-0.158,AMO
1977-09-01,-0.245,AMO
1977-10-01,-0.237,AMO
1977-11-01,-0.156,AMO
1977-12-01,-0.218,AMO
1978-01-01,-0.119,AMO
1978-02-01,-0.16,AMO
1978-03-01,-0.171,AMO
1978-04-01,-0.208,AMO
1978-05-01,-0.217,AMO
1978-06-01,-0.346,AMO
1978-07-01,-0.289,AMO
1978-08-01,-0.24,AMO
1978-09-01,-0.203,AMO
1978-10-01,-0.22,AMO
1978-11-01,-0.132,AMO
1978-12-01,-0.195,AMO
1979-01-01,-0.205,AMO
1979-02-01,-0.164,AMO
1979-03-01,-0.241,AMO
1979-04-01,-0.25,AMO
1979-05-01,-0.13,AMO
1979-06-01,-0.055,AMO
1979-07-01,-0.107,AMO
1979-08-01,-0.128,AMO
1979-09-01,-0.122,AMO
1979-10-01,-0.1,AMO
1979-11-01,-0.098,AMO
1979-12-01,-0.072,AMO
1980-01-01,-0.014,AMO
1980-02-01,-0.091,AMO
1980-03-01,-0.151,AMO
1980-04-01,-0.013,AMO
1980-05-01,0.117,AMO
1980-06-01,0.096,AMO
1980-07-01,0.038,AMO
1980-08-01,0.011,AMO
1980-09-01,-0.02,AMO
1980-10-01,-0.074,AMO
1980-11-01,-0.209,AMO
1980-12-01,-0.261,AMO
1981-01-01,-0.189,AMO
1981-02-01,-0.188,AMO
1981-03-01,-0.007,AMO
1981-04-01,-0.103,AMO
1981-05-01,-0.091,AMO
1981-06-01,-0.07,AMO
1981-07-01,-0.102,AMO
1981-08-01,-0.123,AMO
1981-09-01,-0.044,AMO
1981-10-01,-0.194,AMO
1981-11-01,-0.144,AMO
1981-12-01,-0.014,AMO
1982-01-01,-0.089,AMO
1982-02-01,-0.086,AMO
1982-03-01,-0.088,AMO
1982-04-01,-0.19,AMO
1982-05-01,-0.199,AMO
1982-06-01,-0.192,AMO
1982-07-01,-0.236,AMO
1982-08-01,-0.317,AMO
1982-09-01,-0.315,AMO
1982-10-01,-0.379,AMO
1982-11-01,-0.425,AMO
1982-12-01,-0.388,AMO
1983-01-01,-0.306,AMO
1983-02-01,-0.112,AMO
1983-03-01,0.073,AMO
1983-04-01,0.051,AMO
1983-05-01,-0.056,AMO
1983-06-01,-0.062,AMO
1983-07-01,-0.023,AMO
1983-08-01,-0.166,AMO
1983-09-01,-0.224,AMO
1983-10-01,-0.203,AMO
1983-11-01,-0.166,AMO
1983-12-01,-0.011,AMO
1984-01-01,-0.114,AMO
1984-02-01,-0.096,AMO
1984-03-01,-0.133,AMO
1984-04-01,-0.165,AMO
1984-05-01,-0.174,AMO
1984-06-01,-0.333,AMO
1984-07-01,-0.274,AMO
1984-08-01,-0.234,AMO
1984-09-01,-0.217,AMO
1984-10-01,-0.352,AMO
1984-11-01,-0.432,AMO
1984-12-01,-0.326,AMO
1985-01-01,-0.363,AMO
1985-02-01,-0.338,AMO
1985-03-01,-0.365,AMO
1985-04-01,-0.409,AMO
1985-05-01,-0.346,AMO
1985-06-01,-0.136,AMO
1985-07-01,-0.161,AMO
1985-08-01,-0.29,AMO
1985-09-01,-0.256,AMO
1985-10-01,-0.254,AMO
1985-11-01,-0.304,AMO
1985-12-01,-0.345,AMO
1986-01-01,-0.352,AMO
1986-02-01,-0.284,AMO
1986-03-01,-0.301,AMO
1986-04-01,-0.333,AMO
1986-05-01,-0.237,AMO
1986-06-01,-0.27,AMO
1986-07-01,-0.258,AMO
1986-08-01,-0.281,AMO
1986-09-01,-0.229,AMO
1986-10-01,-0.327,AMO
1986-11-01,-0.406,AMO
1986-12-01,-0.38,AMO
1987-01-01,-0.287,AMO
1987-02-01,-0.227,AMO
1987-03-01,-0.042,AMO
1987-04-01,0.02,AMO
1987-05-01,0.059,AMO
1987-06-01,0.194,AMO
1987-07-01,0.27,AMO
1987-08-01,0.27,AMO
1987-09-01,0.185,AMO
1987-10-01,0.037,AMO
1987-11-01,-0.079,AMO
1987-12-01,0.034,AMO
1988-01-01,-0.051,AMO
1988-02-01,-0.126,AMO
1988-03-01,-0.021,AMO
1988-04-01,0.04,AMO
1988-05-01,0.126,AMO
1988-06-01,0.154,AMO
1988-07-01,0.098,AMO
1988-08-01,-0.02,AMO
1988-09-01,-0.107,AMO
1988-10-01,-0.183,AMO
1988-11-01,-0.16,AMO
1988-12-01,-0.177,AMO
1989-01-01,-0.234,AMO
1989-02-01,-0.169,AMO
1989-03-01,-0.266,AMO
1989-04-01,-0.302,AMO
1989-05-01,-0.16,AMO
1989-06-01,0.078,AMO
1989-07-01,0.164,AMO
1989-08-01,0.1,AMO
1989-09-01,-0.108,AMO
1989-10-01,-0.136,AMO
1989-11-01,-0.163,AMO
1989-12-01,-0.166,AMO
1990-01-01,-0.312,AMO
1990-02-01,-0.175,AMO
1990-03-01,-0.192,AMO
1990-04-01,-0.131,AMO
1990-05-01,-0.072,AMO
1990-06-01,-0.07,AMO
1990-07-01,-0.035,AMO
1990-08-01,0.039,AMO
1990-09-01,0.133,AMO
1990-10-01,0.099,AMO
1990-11-01,-0.067,AMO
1990-12-01,-0.05,AMO
1991-01-01,-0.209,AMO
1991-02-01,-0.131,AMO
1991-03-01,-0.083,AMO
1991-04-01,-0.147,AMO
1991-05-01,-0.168,AMO
1991-06-01,-0.144,AMO
1991-07-01,-0.122,AMO
1991-08-01,-0.123,AMO
1991-09-01,-0.052,AMO
1991-10-01,-0.277,AMO
1991-11-01,-0.276,AMO
1991-12-01,-0.229,AMO
1992-01-01,-0.205,AMO
1992-02-01,-0.109,AMO
1992-03-01,-0.108,AMO
1992-04-01,-0.199,AMO
1992-05-01,-0.237,AMO
1992-06-01,-0.166,AMO
1992-07-01,-0.235,AMO
1992-08-01,-0.396,AMO
1992-09-01,-0.385,AMO
1992-10-01,-0.316,AMO
1992-11-01,-0.35,AMO
1992-12-01,-0.3,AMO
1993-01-01,-0.256,AMO
1993-02-01,-0.202,AMO
1993-03-01,-0.26,AMO
1993-04-01,-0.189,AMO
1993-05-01,-0.18,AMO
1993-06-01,-0.197,AMO
1993-07-01,-0.293,AMO
1993-08-01,-0.245,AMO
1993-09-01,-0.181,AMO
1993-10-01,-0.259,AMO
1993-11-01,-0.335,AMO
1993-12-01,-0.31,AMO
1994-01-01,-0.313,AMO
1994-02-01,-0.326,AMO
1994-03-01,-0.296,AMO
1994-04-01,-0.217,AMO
1994-05-01,-0.224,AMO
1994-06-01,-0.239,AMO
1994-07-01,-0.248,AMO
1994-08-01,-0.252,AMO
1994-09-01,-0.169,AMO
1994-10-01,-0.076,AMO
1994-11-01,-0.037,AMO
1994-12-01,-0.108,AMO
1995-01-01,-0.08,AMO
1995-02-01,-0.057,AMO
1995-03-01,-0.001,AMO
1995-04-01,0.058,AMO
1995-05-01,0.254,AMO
1995-06-01,0.346,AMO
1995-07-01,0.296,AMO
1995-08-01,0.165,AMO
1995-09-01,0.036,AMO
1995-10-01,0.084,AMO
1995-11-01,0.109,AMO
1995-12-01,0.024,AMO
1996-01-01,-0.028,AMO
1996-02-01,-0.05,AMO
1996-03-01,-0.075,AMO
1996-04-01,-0.008,AMO
1996-05-01,-0.083,AMO
1996-06-01,-0.141,AMO
1996-07-01,-0.123,AMO
1996-08-01,-0.026,AMO
1996-09-01,-0.02,AMO
1996-10-01,-0.163,AMO
1996-11-01,-0.192,AMO
1996-12-01,-0.173,AMO
1997-01-01,-0.109,AMO
1997-02-01,-0.054,AMO
1997-03-01,-0.013,AMO
1997-04-01,-0.011,AMO
1997-05-01,0.021,AMO
1997-06-01,-0.01,AMO
1997-07-01,0.042,AMO
1997-08-01,-0.003,AMO
1997-09-01,0.091,AMO
1997-10-01,0.132,AMO
1997-11-01,0.033,AMO
1997-12-01,0.113,AMO
1998-01-01,0.112,AMO
1998-02-01,0.273,AMO
1998-03-01,0.303,AMO
1998-04-01,0.273,AMO
1998-05-01,0.365,AMO
1998-06-01,0.471,AMO
1998-07-01,0.469,AMO
1998-08-01,0.494,AMO
1998-09-01,0.394,AMO
1998-10-01,0.363,AMO
1998-11-01,0.298,AMO
1998-12-01,0.261,AMO
1999-01-01,0.032,AMO
1999-02-01,0.039,AMO
1999-03-01,0.05,AMO
1999-04-01,0.033,AMO
1999-05-01,0.144,AMO
1999-06-01,0.161,AMO
1999-07-01,0.179,AMO
1999-08-01,0.288,AMO
1999-09-01,0.166,AMO
1999-10-01,-0.002,AMO
1999-11-01,-0.067,AMO
1999-12-01,-0.004,AMO
2000-01-01,-0.102,AMO
2000-02-01,-0.057,AMO
2000-03-01,0.085,AMO
2000-04-01,0.023,AMO
2000-05-01,0.086,AMO
2000-06-01,-0.037,AMO
2000-07-01,0.053,AMO
2000-08-01,0.084,AMO
2000-09-01,0.083,AMO
2000-10-01,-0.059,AMO
2000-11-01,-0.072,AMO
2000-12-01,-0.146,AMO
2001-01-01,-0.146,AMO
2001-02-01,-0.046,AMO
2001-03-01,-0.005,AMO
2001-04-01,-0.031,AMO
2001-05-01,-0.028,AMO
2001-06-01,0.179,AMO
2001-07-01,0.116,AMO
2001-08-01,0.158,AMO
2001-09-01,0.267,AMO
2001-10-01,0.232,AMO
2001-11-01,0.137,AMO
2001-12-01,0.194,AMO
2002-01-01,0.162,AMO
2002-02-01,0.146,AMO
2002-03-01,0.125,AMO
2002-04-01,0.008,AMO
2002-05-01,-0.068,AMO
2002-06-01,-0.136,AMO
2002-07-01,-0.085,AMO
2002-08-01,0.087,AMO
2002-09-01,0.06,AMO
2002-10-01,0.092,AMO
2002-11-01,0.0,AMO
2002-12-01,-0.015,AMO
2003-01-01,0.031,AMO
2003-02-01,-0.032,AMO
2003-03-01,0.093,AMO
2003-04-01,0.06,AMO
2003-05-01,0.132,AMO
2003-06-01,0.186,AMO
2003-07-01,0.257,AMO
2003-08-01,0.396,AMO
2003-09-01,0.432,AMO
2003-10-01,0.407,AMO
2003-11-01,0.204,AMO
2003-12-01,0.205,AMO
2004-01-01,0.191,AMO
2004-02-01,0.19,AMO
2004-03-01,0.138,AMO
2004-04-01,0.089,AMO
2004-05-01,-0.014,AMO
2004-06-01,0.158,AMO
2004-07-01,0.208,AMO
2004-08-01,0.297,AMO
2004-09-01,0.221,AMO
2004-10-01,0.222,AMO
2004-11-01,0.201,AMO
2004-12-01,0.168,AMO
2005-01-01,0.091,AMO
2005-02-01,0.106,AMO
2005-03-01,0.264,AMO
2005-04-01,0.272,AMO
2005-05-01,0.273,AMO
2005-06-01,0.307,AMO
2005-07-01,0.427,AMO
2005-08-01,0.42,AMO
2005-09-01,0.399,AMO
2005-10-01,0.218,AMO
2005-11-01,0.12,AMO
2005-12-01,0.196,AMO
2006-01-01,0.104,AMO
2006-02-01,0.055,AMO
2006-03-01,0.04,AMO
2006-04-01,0.177,AMO
2006-05-01,0.288,AMO
2006-06-01,0.313,AMO
2006-07-01,0.354,AMO
2006-08-01,0.381,AMO
2006-09-01,0.344,AMO
2006-10-01,0.314,AMO
2006-11-01,0.269,AMO
2006-12-01,0.151,AMO
2007-01-01,0.151,AMO
2007-02-01,0.197,AMO
2007-03-01,0.107,AMO
2007-04-01,0.139,AMO
2007-05-01,0.091,AMO
2007-06-01,0.068,AMO
2007-07-01,0.109,AMO
2007-08-01,0.035,AMO
2007-09-01,0.078,AMO
2007-10-01,0.138,AMO
2007-11-01,0.156,AMO
2007-12-01,0.091,AMO
2008-01-01,0.01,AMO
2008-02-01,0.108,AMO
2008-03-01,0.138,AMO
2008-04-01,0.022,AMO
2008-05-01,0.152,AMO
2008-06-01,0.236,AMO
2008-07-01,0.186,AMO
2008-08-01,0.155,AMO
2008-09-01,0.178,AMO
2008-10-01,0.082,AMO
2008-11-01,-0.019,AMO
2008-12-01,-0.002,AMO
2009-01-01,-0.079,AMO
2009-02-01,-0.185,AMO
2009-03-01,-0.18,AMO
2009-04-01,-0.151,AMO
2009-05-01,-0.082,AMO
2009-06-01,0.101,AMO
2009-07-01,0.208,AMO
2009-08-01,0.132,AMO
2009-09-01,0.037,AMO
2009-10-01,0.144,AMO
2009-11-01,0.049,AMO
2009-12-01,0.062,AMO
2010-01-01,0.019,AMO
2010-02-01,0.157,AMO
2010-03-01,0.267,AMO
2010-04-01,0.405,AMO
2010-05-01,0.439,AMO
2010-06-01,0.427,AMO
2010-07-01,0.429,AMO
2010-08-01,0.505,AMO
2010-09-01,0.428,AMO
2010-10-01,0.303,AMO
2010-11-01,0.215,AMO
2010-12-01,0.187,AMO
2011-01-01,0.123,AMO
2011-02-01,0.087,AMO
2011-03-01,0.034,AMO
2011-04-01,0.071,AMO
2011-05-01,0.131,AMO
2011-06-01,0.157,AMO
2011-07-01,0.071,AMO
2011-08-01,0.126,AMO
2011-09-01,0.123,AMO
2011-10-01,0.042,AMO
2011-11-01,-0.092,AMO
2011-12-01,-0.066,AMO
2012-01-01,-0.086,AMO
2012-02-01,-0.017,AMO
2012-03-01,0.005,AMO
2012-04-01,0.059,AMO
2012-05-01,0.143,AMO
2012-06-01,0.279,AMO
2012-07-01,0.354,AMO
2012-08-01,0.41,AMO
2012-09-01,0.427,AMO
2012-10-01,0.308,AMO
2012-11-01,0.144,AMO
2012-12-01,0.12,AMO
2013-01-01,0.107,AMO
2013-02-01,0.094,AMO
2013-03-01,0.137,AMO
2013-04-01,0.115,AMO
2013-05-01,0.08,AMO
2013-06-01,0.025,AMO
2013-07-01,0.169,AMO
2013-08-01,0.173,AMO
2013-09-01,0.233,AMO
2013-10-01,0.325,AMO
2013-11-01,0.107,AMO
2013-12-01,0.015,AMO
2014-01-01,-0.083,AMO
2014-02-01,-0.064,AMO
2014-03-01,-0.103,AMO
2014-04-01,-0.116,AMO
2014-05-01,-0.023,AMO
2014-06-01,0.04,AMO
2014-07-01,0.2,AMO
2014-08-01,0.313,AMO
2014-09-01,0.288,AMO
2014-10-01,0.27,AMO
2014-11-01,0.043,AMO
2014-12-01,0.037,AMO
2015-01-01,-0.03,AMO
2015-02-01,-0.026,AMO
2015-03-01,-0.151,AMO
2015-04-01,-0.093,AMO
2015-05-01,0.023,AMO
2015-06-01,0.007,AMO
2015-07-01,0.11,AMO
2015-08-01,0.156,AMO
2015-09-01,0.278,AMO
2015-10-01,0.302,AMO
2015-11-01,0.164,AMO
2015-12-01,0.207,AMO
2016-01-01,0.209,AMO
2016-02-01,0.133,AMO
2016-03-01,0.166,AMO
2016-04-01,0.155,AMO
2016-05-01,0.322,AMO
2016-06-01,0.387,AMO
2016-07-01,0.41,AMO
2016-08-01,0.434,AMO
2016-09-01,0.435,AMO
2016-10-01,0.358,AMO
2016-11-01,0.368,AMO
2016-12-01,0.313,AMO
2017-01-01,0.203,AMO
2017-02-01,0.204,AMO
2017-03-01,0.145,AMO
2017-04-01,0.26,AMO
2017-05-01,0.292,AMO
2017-06-01,0.285,AMO
2017-07-01,0.28,AMO
2017-08-01,0.287,AMO
2017-09-01,0.328,AMO
2017-10-01,0.411,AMO
2017-11-01,0.329,AMO
2017-12-01,0.341,AMO
2018-01-01,0.15,AMO
2018-02-01,0.04,AMO
2018-03-01,0.109,AMO
2018-04-01,0.041,AMO
2018-05-01,-0.023,AMO
2018-06-01,-0.034,AMO
2018-07-01,-0.005,AMO
2018-08-01,0.09,AMO
2018-09-01,0.139,AMO
2018-10-01,0.121,AMO
2018-11-01,-0.143,AMO
2018-12-01,-0.083,AMO
2019-01-01,-0.037,AMO
2019-02-01,0.058,AMO
2019-03-01,0.099,AMO
2019-04-01,0.101,AMO
2019-05-01,0.065,AMO
2019-06-01,0.151,AMO
2019-07-01,0.329,AMO
2019-08-01,0.315,AMO
2019-09-01,0.223,AMO
2019-10-01,0.136,AMO
2019-11-01,0.087,AMO
2019-12-01,0.142,AMO
2020-01-01,0.073,AMO
2020-02-01,0.333,AMO
2020-03-01,0.346,AMO
2020-04-01,0.347,AMO
2020-05-01,0.243,AMO
2020-06-01,0.249,AMO
2020-07-01,0.341,AMO
2020-08-01,0.425,AMO
2020-09-01,0.296,AMO
2020-10-01,0.289,AMO
2020-11-01,0.113,AMO
2020-12-01,0.163,AMO
2021-01-01,0.126,AMO
2021-02-01,0.139,AMO
2021-03-01,0.112,AMO
2021-04-01,0.054,AMO
2021-05-01,0.072,AMO
2021-06-01,0.139,AMO
2021-07-01,0.21,AMO
2021-08-01,0.245,AMO
2021-09-01,0.402,AMO
2021-10-01,0.475,AMO
2021-11-01,0.445,AMO
2021-12-01,0.252,AMO
2022-01-01,0.176,AMO
2022-02-01,0.133,AMO
2022-03-01,0.009,AMO
2022-04-01,0.11,AMO
2022-05-01,0.197,AMO
2022-06-01,0.199,AMO
2022-07-01,0.136,AMO
2022-08-01,0.358,AMO
2022-09-01,0.662,AMO
2022-10-01,0.483,AMO
2022-11-01,0.282,AMO
2022-12-01,0.218,AMO
2023-01-01,0.192,AMO
